0,291593402294253;-0,983699896523307;0,85141742393003;-0,779338621589696;0,325652635184237;0,00855942846702666;0,0983926601517008;-0,163198766066969;0,530695776078525;0,672003993453742;-0,61693479584359;0,0649120308111972;-0,926806952928287;0,868797650341598;0,992025202909778;0,587720357462916;-0,0575290794469989;0,506928278676949;-0,185007759148442;-0,276191125444875;0,515340419102435;-0,438552520134461;0,0445421956037861;0,174122466163118;-0,0734955246620296;0,384287418352856;-0,0625616067098246;-0,721861801138732;0,640353338467404;0,169177850163441;0,279995664460865;-0,0177187627913023;-0,0892319024673783
-0,184878289319984;-0,769186809709566;-0,70106453450418;0,579768526014115;0,435771497477022;-0,369892873665917;-0,533259568676657;0,132881826159306;0,783975222820687;-0,838082764380368;-0,0504583033685816;0,245049368080522;-0,453033445306321;0,11619159801714;0,152963476634384;-0,403659500993347;-0,636555703345663;-0,293105375781888;-0,612383728824452;0,423605680970574;-0,986155802535615;0,223617216052591;-0,247437692986257;-0,0170338998345788;-0,311496849940573;0,305365095364848;0,952573409123895;-0,917670772530634;-0,168537346417052;0,207656087758142;-0,627273881792402;-0,596783478714608;0,411992159240226
-0,845856066721425;0,258071336391697;0,649192652343679;0,704297929706473;-0,980839976258685;0,517907615368494;-0,11197065536462;-0,640539998179271;0,602135240688334;0,742573388574263;-0,589261563461579;-0,893791308735118;0,94028129037511;-0,609253887063194;-0,72069598737177;0,795683108948306;0,693005892147129;0,288117234105581;-0,526508581762157;-0,0964124144221686;0,569883748530638;-0,0918679076392491;0,613920879212453;0,489459075569206;0,327177557622913;-0,0975264317527974;-0,858385405595312;-0,311258090497298;-0,604380603853508;-0,687372635131127;-0,41247267264494;0,800399309704548;-0,442466632361459
0,833057208840296;-0,607177378584897;0,869328453917957;0,51497901658322;-0,0967492384073059;-0,644507534794464;0,200195201142133;0,510795118832682;0,0753538714423589;-0,577082850931434;0,492252019770843;-0,646967937232164;-0,112034398806947;-0,240569948023168;-0,0741728252794439;0,684477588788179;-0,702145689186426;0,149664953728333;0,930747045945075;0,910442892262269;0,510837128000075;0,853316603002102;0,268428225502854;0,655358649471758;-0,829058230933013;-0,611671435623926;0,127894647786627;0,38750121325632;-0,789504372574807;0,975048797966752;0,300716068111976;0,166254253511718;-0,378452680873613
0,548675323626341;-0,892775918465187;1,00913168381422;-0,578816248997213;-0,7080877153424;-0,19903667715305;-0,056167038807441;0,284504409388225;0,404000659037664;-0,494261930619206;-0,5035768644153;-0,867122948265875;0,147635205093884;-0,549579851277626;-0,845748291437115;0,226995611976647;0,0154725130070367;-0,891026722374568;0,174170603433054;-0,332011526297501;0,901164609734794;0,0579044319309809;1,00215699042322;0,135602588204764;-0,774822003261287;0,355245439808747;-0,473869610490866;0,238806009711424;0,823902180178328;0,311507683700004;0,111513265768122;0,133409273249104;-0,66279404144836
0,73148474364145;0,339290277566713;-0,336585837265467;-0,0720963168011467;0,274502030077906;-0,982849781551512;-0,640090176826103;-0,00187772295496965;-0,362853324833441;-0,881955338745075;0,358786725913823;-0,216786717789332;0,533689790030148;0,0345147562656182;0,949116607946215;-0,015148868483744;-0,828286206427813;0,20623130671067;0,877283712633834;-0,862246343028564;-0,490526027898267;-0,268409098315892;-0,486812723719611;-0,883724716595895;-0,115262712098032;-0,792786053443411;-0,0521249628586317;-0,71395887436967;0,71623514377365;0,471810421502412;-0,896298832369825;0,405432995905187;0,37422205462811
0,795671093182485;0,416150461452434;0,122338063448176;0,502045738120867;-0,689699878929692;0,752178675221645;-0,896968748530542;-0,174531027448329;0,681074388949983;0,275226126860749;-0,0489320370314298;-0,345421543198086;-0,63640250171339;-0,29730360099892;-0,668061124164357;-0,411778026144566;-0,734836929512318;0,663396578898655;-0,883515430718153;0,245437745426802;0,0068638085701828;0,838940178742421;0,0223102265423706;-0,162688806421162;-0,441652928377058;-0,9456254124106;0,078496275813832;0,0804833735996344;-0,914923110163918;0,293095325563895;0,176544445956662;-0,974448314082735;0,964561922301151
0,408991227582559;0,738018696847663;0,629572487105699;-0,162013263209447;0,494013585687903;0,872621864794394;0,46526082378154;0,78546065345689;0,323492876712279;-0,160392224555736;0,467572967115873;0,573327505604333;0,472905018894705;-0,467652018092128;0,515725739848023;-0,37285564640176;0,70902734406741;0,462280265578482;0,819622034896271;0,998424790640842;-0,828796557229101;-0,621433561649559;0,979147299025093;-0,594951572797422;-0,703764937838148;-0,0450931412095609;-0,732866274226578;-0,315109408299673;0,0337560701623382;-0,248399724991896;-0,600812744321398;-0,890110126803398;-0,06327553065618
-0,309983465499237;-0,0453937292959484;-0,0241141055540684;-0,286425418977542;0,761443429357395;-0,217642322907707;0,801982906396775;-0,337568062207178;0,471185284262426;0,694579124150418;0,0105405955906709;0,565945451719012;0,275191880267019;0,0966502450207511;0,533234797974043;0,573978728258323;-0,535452787706091;-0,612742261938814;0,842023252277928;0,368130603352905;-0,961664912431063;0,804566671822766;0,0528411738171463;0,770079590115084;0,235732252195635;-0,447040133078785;-0,449685080810021;0,616696331313486;-0,208421575626272;-0,237087224412933;-0,416899206003311;-0,548371287941823;0,368891286211786
-0,363396963739487;-0,217111515606058;0,588949903496334;-0,448951962305394;0,924777964868296;0,958792107002529;-0,308869219221297;-0,971152679207989;0,347201045140534;-0,288773649199012;-0,304804493507463;-0,0201851042730636;-0,14968883222392;0,0322513741873473;0,869464806062202;-0,254892879908107;0,122120055734518;-0,419582949839056;-0,624449270760567;-0,431627804306812;-0,247032537863788;-0,0904024259326031;-0,0921337527369744;0,91297328917942;0,217014496623362;0,489050521119338;0,219691754728694;-0,756749049805171;-0,803505232624197;0,882061705711609;-0,280519299032126;0,122686522446243;-0,429879924174991
-0,520524679459876;0,629120769184661;-0,527256784362316;-1,01719999090074;-0,601252634445732;-0,254551260006814;-0,789642867156082;0,887476376583612;-1,01429074965518;0,526524064288775;-0,0336580771121834;0,884017757464265;0,237977081001782;-0,380755117427853;-1,00090452525242;-0,486998316214828;0,657445916193336;0,211076996299996;0,97976015638182;-0,248738995956545;0,0795855801048254;-0,790010604531453;-0,539301917295521;-0,709833265700243;0,0425803176382097;-0,000523165887408829;-0,84666514724239;0,0748716089348275;-0,635233523707423;-0,96672436462464;0,760928673936543;-0,941704214145235;0,52173433468391
0,823815238580022;-0,883590956717483;-0,346223576243083;0,50314041334915;0,933094474834025;0,325337299209767;-0,676392618969209;-0,852919746674969;-0,299668171670077;-1,01549415346392;0,157095347516805;0,18005717359119;0,797392067783285;-0,896753133779686;0,648233211813659;0,328794334149415;-0,100058681465656;0,367052573794114;-0,0123997368851111;0,635828325733519;-0,860535754379078;-0,666340694229221;-0,767012034056192;0,150173706916298;-0,835672498225957;-0,0780292881028299;0,381021551877792;-0,426135092328309;0,117236544345207;0,504460920727151;0,934184635405571;0,747346410788348;-0,110202842530832
-0,637716577219645;0,41416184242176;-0,515413140274255;0,327070071426775;-0,0083877091278631;0,706102461795427;0,867490717526345;0,637903795787145;-0,41406822884546;-0,638995227788982;-0,792765430631416;0,285353755623789;0,0918605811446819;0,22693927029104;-0,122019011671607;-0,513147338619934;0,727828295221529;0,446576178194348;-0,352025917982638;-0,24492056874223;-0,595781519442639;0,364021109499103;0,453657973681474;0,865172097774825;0,485353737276734;0,320563932011223;-0,00712521662702978;0,926066767768091;0,731493493795215;0,0115947294159401;0,177621928038887;-0,967927768433377;0,391499957164573
-0,709739983877977;0,43510864500293;-0,329163955765331;0,14539737252403;-1,01652471684124;0,890080048098323;0,642701132434803;0,10186056602466;0,97967555038249;0,535283494902497;0,954405553995877;-0,99249558298866;0,846570971728625;0,0542179410654768;0,676782462042246;-0,515208416014485;-0,93123673327226;0,371159269559793;-0,960364237031081;0,267961573824325;-0,0259820000333064;-0,532670302652078;-0,038235645846517;0,942254889176402;-0,398834217612964;0,823467354586156;0,652799379297029;-0,305021301141428;0,92317497019437;0,888161322428045;0,556088062174716;0,165133864608246;-0,843086641761924
0,893853798459216;-0,198399434977341;0,773581645724225;-0,811104035470161;0,323206309292152;0,726104032498889;0,538247150532141;-0,0129760299813258;0,634969885669225;-0,593706049389013;0,810488635032722;0,481003440121712;0,8394187011996;0,620533785984225;-0,751902988618138;0,29784334176684;0,423026204218691;0,644481247503591;0,622186480292262;0,119737185506084;-0,254138321821586;-0,600767022366005;0,786432359646332;-0,544904688714437;-0,289667824505617;-0,474017389426891;-0,858241050991286;-0,780968310762591;-0,0705265459876533;0,160436616266406;-0,92673475160944;0,960946453163897;-0,228977290176254
0,850591058773264;0,952717173269409;-0,765631603521067;0,884951836754136;-0,722353360108208;-0,272692022128296;0,62680625749702;-0,516860367127107;-0,737311375758234;0,320799134733584;-0,95721323282695;0,133026739556877;-0,556997530509195;-0,256501898376448;-0,815315410961953;0,386453388351283;0,378886377527848;-0,518100213588206;-0,77456890463943;0,915652602318569;-0,972852300461722;0,392802700495778;0,458122861697452;-0,00308077418755722;0,300237354874778;0,460314809471572;-0,221025280844841;0,56609610392629;0,300966481730848;-0,960698463557557;-0,543715710161065;-0,685220277343457;0,83129320230494
-0,290019269702034;-1,01117235757366;0,649567633150932;-1,00452036466096;0,394642525448819;0,127130584763015;-0,101075709931997;0,977131243231358;-0,381651426930693;-0,535075925627237;0,0601848633365269;0,725396612909398;0,303819592164802;-0,750919273560307;0,764235529385673;0,938825380406783;-0,185670678677759;0,532338096920615;-0,339712149709273;0,829585173466106;-0,972955128718556;-0,274373969278416;-0,578709600850282;-0,523654667991928;0,219200191102606;-0,433534497684526;-0,200917149143664;0,93008427915266;-0,957538825993155;0,16392417157816;-0,794861891764561;-0,153734134669235;0,709758064952623
0,301733537251937;0,733021739192839;-0,263578520366669;-0,483132023676769;0,372724773448354;0,965994872515144;0,336520222084895;0,308257825728682;0,920272379523326;0,390550146905087;-0,0903703534408702;-0,620310981202959;0,25327363333916;0,978168783146092;0,192985103467994;-0,00350978979439883;0,609021743955623;-0,531611819155277;-0,511285540042056;0,777747459984323;-0,533054430373448;0,785999351459611;0,947856740448614;0,549288263712735;0,154973321578975;-0,241969535327446;-0,190071956430539;-0,690201245657206;-0,0494089686485416;0,916421089660629;0,436175421927262;-0,75846301342656;-0,804329981558122
-0,984361452043225;-0,997913945087135;-0,502189992317031;0,00956507018845812;0,403708424519668;0,423355568310002;0,548094244841587;0,305518648641948;-0,496921631826461;-0,911476487805767;0,316826904252613;0,493411773026703;-0,921592666352853;0,947677578199561;-0,429952260394502;0,587848767824457;-0,0846549106168253;-0,584809549512662;-0,322712988830447;0,69817466871361;0,050269425782557;0,224563515762186;0,479236226664557;0,766916019180341;0,168884236356712;0,343645675180371;-0,403554670788084;0,137817849381798;0,0084724881782167;-0,66058218518666;-1,01439768970119;0,93612574541394;-0,350156319578195
-0,815980999644837;0,237635085382385;0,957833748669343;-0,323073883778859;0,968676160453259;-0,81293566012793;0,0267836329708363;-0,0776287644475268;-0,546020168221509;0,945618221889129;0,679226859701494;-0,387219143367884;-0,962372488877853;0,0583170083679438;-0,207896093090891;-0,778368675599921;-0,296298993045547;-0,983003037595601;0,482981659609407;-0,259360568806175;-0,474886661704055;0,127151613095437;-0,24542292693318;-0,495399151315576;-0,287354991061256;0,822431854267862;-0,958186230224588;-0,191338740465798;-0,607972584104096;-0,721202819100153;-0,854588426203685;-0,915327777668464;0,362452179274789
0,951119530923255;-0,10271896197813;0,52007098190264;0,804917430374803;-0,160433512760923;0,585807638941779;0,344325717193763;0,411514877028142;-0,157702537832107;0,137170960685389;0,293409145068638;-1,01127897486842;-0,569445973101209;0,0831739394917738;0,722592996264689;0,359764089470224;0,607957605981785;-0,437875248269515;-0,263130939261978;-0,965851621725923;-0,763727288622677;0,790128667701632;-0,680681373814833;0,552859347065916;-0,490390335943195;-0,221888973986142;-0,577912361204047;0,210910742695472;-0,824607120784677;0,123971500917861;-0,466201260476862;-0,431468242554141;-0,0480433549419473
0,315874063091294;0,148353340599455;0,937626490300884;0,944114183010191;0,155579870134001;-0,69701868658041;0,360511896794505;-0,812686602537304;-0,205162364658905;-0,833426821007522;0,377680890864149;0,720856499688704;0,812835446432227;0,48285675858986;0,582366082583329;0,265113604804624;-0,0747743701374265;0,943391094849698;-0,941864520323795;0,964195981565559;-0,0131236208127682;0,0973536339646696;-0,893668261346648;-0,449367150447432;0,939882072552589;0,267978204033864;-0,965874101058916;0,136390437861691;-0,893914587785845;0,208792435528684;0,690996398965897;-0,423957341121885;-0,302452174661355
0,0367643800735307;0,114679963807497;0,907491036608183;0,75763694367967;0,388320344175898;-0,574951826436352;-0,76818612397324;0,349027601659381;0,819505418527246;0,414105513752092;0,596225926425018;-0,0856918269631175;0,804673285093077;-0,330555344659557;0,267924705139863;-0,187608006071512;0,918467575606713;0,222837687068614;0,153250843784028;-0,551666302437202;-0,422993786403836;0,937750703586686;-0,836138695441646;0,014692039661968;0,35966407846418;-1,02309745182653;0,860272103816003;-0,758474147805629;-0,803208103351321;-0,946101577035594;0,558715637528276;-0,551752782257554;-0,225691330298101
0,023308674350059;-0,223928933641304;-0,659152767501772;0,647545483691011;0,480147098840819;0,509575723402541;0,491013359001915;0,79899204136531;-0,412161182377958;0,140041398375851;0,655918557928442;-0,517223750055801;0,608995114231551;-0,892120774824624;-0,428796013590714;-0,261128368482914;-0,703331118350932;-0,839711725676693;0,958625186175935;-0,489584007102266;-0,899620600968818;-0,906787950541655;0,0443545519185746;-0,0765109030349922;-0,13453056533792;-0,629356697068645;0,384088233718295;-0,46255349253649;0,962958461548253;0,124906142726567;0,738277433278704;0,828060313939681;0,120649146398437
-0,860000496665016;-0,218635389256982;0,866044026697611;-0,100252089642501;0,137516947953342;-0,589009085518242;0,685932401381938;0,634907922497978;-0,377987906086648;0,961837833689986;-0,2296202570733;-0,519386815654224;-0,495413772566366;0,723339401948494;0,841693760713956;0,261738555122581;0,47532465839315;0,872793452715476;0,866280586356964;0,572760889068205;0,910501662560577;-0,353400291613419;-0,124562499676557;0,704386952155986;0,390028573249085;-0,245253513255204;0,082174233625329;-0,901842072599889;-0,073762710745731;0,808704017532922;0,43560311261134;0,374434402813011;0,800528681704626
0,362127103545762;0,468995610896566;0,299185052148223;-0,322169602572461;0,811794158875451;0,131822371411591;0,721967797557413;-0,754636777490138;-0,15182149188438;0,451037742833695;-0,895955346515776;-0,75335475329226;-0,584453649664904;-0,666446355055689;-0,380025661301275;0,515064910720203;0,248378390056793;-0,539695759129033;0,224783127726957;0,844667284637605;-0,772030137412659;0,182817921553724;0,438740670380132;0,878597548135439;-0,86567248774251;0,482389774824279;-0,644559101075589;0,301487118572294;0,560444911697691;-0,318658929040426;-0,214021485903705;-0,501094841205489;0,368615777829554
-0,319915497358849;0,142459123887872;-0,772985771232207;-0,484820853718403;-0,443421404589093;0,636200937233564;-0,28635848098025;-0,883016773484585;0,300068104274208;0,0349935921608215;0,168232403268751;-0,255936715444916;0,430412143164111;-0,0528473393701463;-0,60613672048365;-0,565129667357531;-0,444236545604228;0,65052933691334;0,321070214377819;-0,816509577399752;0,50243755589127;0,545229256833149;-0,875349942576233;-0,997074621767701;0,393257941728649;-0,483826677114086;-0,697925178232963;-0,250948089796955;-0,606848883299016;-0,342411251471964;-0,860492125128089;-0,362270333546735;0,577809932405577
-0,121970531121814;0,735461847693945;0,163764958772304;-0,634369452353203;-0,0274437978455295;-0,335529767638248;-0,203226258646732;-0,516187953576928;0,700354495838054;-0,099427803971002;-0,879505232891233;-0,756821295172754;0,10720470129622;-0,323414193190757;-0,49209244808971;0,934248057123925;-0,16071277635431;-0,0226481049822161;0,00348217176209846;0,43757873743434;-0,711914826089872;0,838848659654148;0,080196121239731;-0,00952049582003108;-0,803240711748642;0,0945916422688137;-0,986924289759143;0,306796553182391;0,937260046532569;0,696502547530296;-0,384850206537963;-0,131843844995225;-0,49682682546865
0,166253352149508;-0,447617325714075;0,184361250651773;0,202768758459911;-0,958089777288464;0,555877689957167;-0,0412704577325465;-0,503033089259584;0,672348813893041;0,774753497769081;-0,382672501479984;-1,02317427196914;0,732417111120917;-0,741276321851707;0,812257953792536;0,766837707572611;-0,212525709205016;0,526534330771158;0,652907291226116;0,108696140825678;0,17282136673479;0,262395196211313;-0,0154783153442325;-0,372063835829921;-0,854044107691801;-0,858458302888696;0,850634997601521;-0,375935040163241;0,462647625886742;-0,480777562393633;-1,02347761397638;-0,741907159717174;0,225009049819857
0,740005530295896;0,940951349146712;-0,903126429760817;0,296216738974381;-0,295850263620121;-0,229952561349981;0,394144642776482;-0,98257693278949;-0,0867177355902112;-0,411593202267048;-0,963234400399068;-0,564460939564421;-0,013675786135031;-0,562987385153694;-0,191461598163615;-0,826511805835813;0,512629283325645;0,12245619345345;-0,857361345524997;-0,0650870600482148;0,732130451894962;0,303022245512425;0,849199031369924;0,540531427346022;-0,470904475802441;0,0294833038675761;0,873038963316097;0,67791313007151;-0,692664979853441;0,00698972256953893;0,125796814002538;0,770901549461322;-0,668094904046945
0,408959633395523;-0,00117844359326783;0,297770044744162;0,820617166569067;-0,833381774452904;0,653411733129973;0,534567318944779;0,387746043522978;0,52704131704829;-0,193196391006303;-0,342776567995656;0,402821670313071;0,568244623124036;-0,301528238061342;-0,832669168327993;-0,857083885559132;-0,717921594652988;0,614342054477375;-0,836378115779642;0,55935357521004;-0,239129028555278;0,387402049285335;-0,694898784645066;0,844124890164784;0,172231758864027;0,294721491611221;-0,816704648156725;-0,923008667895786;0,289358193028673;0,84273010142952;-0,841881562577251;0,532496328552739;0,928010540354325
-0,681558613517116;-0,393109101214709;0,789384136183155;0,412032001682826;0,502683514802358;0,0962798007534934;0,859286101774234;-0,306530923886218;-0,354880957259022;0,208664872619887;-0,831993948285211;-0,386216934179734;-0,381270559843036;-0,614910684041849;0,534809615551194;0,218786302894974;0,0401952656427123;-0,228431873290747;-0,548838660537402;0,0940410167670745;0,3603979516844;0,313698717378194;-0,952277399272533;-0,293197150639562;0,466727662888017;-0,338532083986321;-0,115020757755486;0,483198889595337;0,470658495149204;-0,888529641197056;0,69739372392741;-0,338232320120412;0,137809611760245
0,474811129958747;0,249803236641152;-0,895336628537993;-0,608970796202507;-0,256033378933318;-0,207522601146706;-0,468855237967479;-0,682581709245237;-0,121032992595102;-0,871165562987616;-0,808180315025912;-0,849822328051215;0,243424332653158;-0,433415172984297;-0,07728531603829;-0,338431755399279;-0,12871246248212;-0,737754564305399;0,0842444830289063;0,72003960626879;-0,548462179905696;-0,419304903021436;0,0309076857219697;-0,427749193633536;0,0956637951313562;0,958386847103449;-0,145701892902682;-0,775616933182381;-0,610830279512463;0,235893089273217;-0,453268807753326;0,524353657001117;0,519320880143841
0,475973454060021;0,143918310198218;0,148368587625639;0,443228752397827;-0,159160392593879;-0,69068884711533;0,992173236164599;0,933099085738717;-0,210294765679049;-0,505486547411858;0,19794678867445;0,868985424062019;-0,430292314279707;-0,763614161456501;-0,892034402693384;0,975347066591444;-0,165286846696744;-0,387546534060035;0,862307431416983;-0,373768250792857;-0,0451894180805627;-0,300645700025419;-0,0797189504025381;-0,768021940772178;0,545495073404182;0,308447916974776;-0,201337717728127;0,951261800064616;-0,680155796476458;0,941331078575867;0,65615642644032;0,59518575307435;-0,319451463718389
-0,369143208195056;0,767450878593138;0,435749025126125;0,787428604644711;0,231422000511534;-0,956469561579602;0,966016791118571;0,105153755172947;0,800023028838713;0,674915094081993;-0,900735847300938;0,84604340535616;-0,283652109386915;-0,460961382280298;0,73508351686859;-0,240584981900658;-0,737881491465185;0,567539075492921;-0,363477868358108;-0,30249373086167;-0,0887955838973868;-0,422407193466957;-0,197215829297281;-0,763280231090605;-0,0705269632935438;0,910816187302285;0,545474198739985;0,523731378921437;-0,946006055591377;0,626337390523815;-0,138543335946276;-0,148560465543538;0,61584354390874
0,188436887780408;0,93885089391535;-0,517982531740999;-0,314700919510869;-0,798999029744628;0,616373661100361;-0,417994464171794;0,909373148607052;0,534160502342836;0,167870061389364;0,0375217142012284;-0,16590059479296;-0,600982837819698;-0,157770308900264;-0,217508192436287;0,0766612737119228;0,204929290273914;-0,929191796702634;-0,613125488608414;0,0327168031070671;-0,0892380077553412;0,782426628487637;-0,92057099811082;-0,0222507838009416;0,212111764525369;-0,128961923753105;0,333688321517889;-0,488861252010947;-0,544632079494226;0,0642423190729636;-0,813231853376462;-0,173459061663092;0,260907126551239
-0,76980013855258;0,527911002832678;-0,386729767887008;0,266148556918229;-0,912801554081149;-0,925799953411917;0,964247922701199;-0,932400895877674;-0,198784371160082;0,390126422068417;0,422805253452319;0,77834496481013;0,415702872010995;-0,456461617165206;0,0816690045111879;-0,223935100515089;-0,539847386481847;-0,137852837556651;0,568611695535089;-0,512335339029222;0,831805239658035;-0,281835940027279;0,43217527591005;0,87250440033481;0,517350760368582;0,486269824272401;0,343045402317117;-0,704232152108888;-0,916050703852207;0,467087736409918;-0,516999308421488;-0,00581557692553384;-0,77593671582704
0,573192278655801;-0,831182699267118;0,327401196575699;-0,817695916240639;0,823595225102334;0,130813352663703;1,00969066501792;-0,564290903000974;-0,0217997927066192;-0,877371128286619;-0,59461728527214;-0,3302937432545;0,212486759697568;0,809491400823014;-0,659417798279259;-0,734898174684659;0,748156356812782;1,00829781529626;-0,784822335061746;-0,368761040602911;-0,64804121432523;0,442184395201844;0,538200818091979;-0,891181764768733;-0,246151659913178;0,761880304858287;-0,385988870044911;-0,255762847420395;0,681562583118727;0,996732316283173;0,34721040073864;-0,0797917612014554;-0,558296661313507
0,55428168063717;0,842510593355194;-0,612196409589448;0,767350316244129;-0,39315667596581;-0,350360103275541;0,744416318088286;0,572003538825805;-0,934961927719608;-0,133312459326706;-0,39138230343202;0,0398750694908297;0,215880651897949;-0,682053491020346;0,689860931758027;0,0155457089050167;-0,95625146911559;-0,651124552356349;0,471872429422297;-0,719094465051102;-0,623972028013983;0,88518700680683;-0,842827099928763;-0,356301009050457;0,231665469653071;0,441538251981178;-0,925202571447313;-0,470115268982747;0,278536020746958;-0,232770977811062;-0,00544960068115223;-0,211499020716619;0,498256984237955
-0,771997081940992;0,658205079060397;0,98006331577646;0,965861119618829;-0,489165982620148;0,154395541087231;0,371740426880441;-0,516156144841393;0,0723179288799239;-0,699996778296983;-0,41142063716281;-0,057334370167362;0,0820256740490771;0,551050196497513;0,457016304187273;-0,062767293494298;0,741773951983228;0,650896560542957;0,660939376948161;0,888420479624982;-0,347614787841714;-0,921242124990885;0,69525969044762;0,698420201592597;0,757187107769648;-0,451232645100303;0,178387580361652;-0,412075023519588;0,227614095379673;-0,693449973612514;0,310891558400093;0,885219649663086;0,833199225593239
0,0987005676602482;-0,139941193857908;-0,851315887739338;-0,0736644377117882;0,694618462279021;0,149590310080943;-0,885857790819077;-0,18695016556348;0,694340545378078;0,0942298447446501;0,0415438305074482;0,0636393989958447;0,957047121415628;-0,672532904904358;0,644899439668927;0,9181601412439;-0,35265298173957;-0,876039700688587;-0,706572025110054;0,573599119308444;-0,6874914905238;0,199915745690651;-0,640404256056957;-0,802114745673551;0,10394471732547;0,0824735801345475;0,305670027134081;-0,624731346022453;-0,891641907507161;-0,426433809929504;-0,31367518178429;0,236475104878172;-0,270370614538847
-0,0328029259260757;0,995843835940737;-0,613154594770013;0,289491529081937;-0,683757795037363;-0,100644756784737;-0,72143808196902;-0,315453230248284;-0,929014115724959;0,857213002399401;-0,29762588518166;0,763319877633734;-0,825279816136134;0,986486438491834;-0,600377527974496;1,00010871032653;-0,518257014392769;0,376428201340564;-0,891871133932558;-0,0111513842654725;0,885658781758576;-0,836062383925346;1,02835929937514;-0,434749699098181;1,01558609663698;0,887178083665512;-0,323067879152756;0,908707521649633;0,803660793906145;-0,230521019353548;0,185561594010352;-0,52730773476829;0,869855964332046
-0,665989986465308;-0,0101499526582962;-0,603589502142325;0,322841273141711;-0,306544149135267;-0,604107947999436;0,28939229479892;-0,920346704438265;-0,0461604117405022;-0,69369013609607;0,407489981994021;0,722008867827474;-0,500647384604515;-0,00598822783562521;0,160774380345484;-0,0291652061886529;-0,560052817646213;0,691402345588378;0,261925227432703;-0,357016809148962;-0,687586272153585;-0,0912421575946536;-0,0671660645951895;1,03227177526837;0,886382343030938;0,338692671147723;-0,506148640000105;-0,712789638929211;-0,565358364915882;-0,054326785451659;0,366294142331359;-0,263561352908181;-0,7055309117106
0,893463913301688;0,840710170329173;0,0614236298529004;-0,9320007871294;-0,25794532411241;0,853074373445268;0,0453233880427704;-0,116476190028708;-0,0260174411244377;-0,0033935677981511;0,922414990873495;-0,314343443916113;-0,0919713282228851;0,581020719944269;-0,0420464497960926;0,580944979204531;0,00265996654105587;0,428500850255129;0,142863873760844;0,98842360528042;0,894496313083442;0,622229475188402;0,554826648534886;-0,878196649360336;-0,571074038707926;0,501246168813543;0,41955041841978;0,966827930703439;0,0669691724309018;0,709798899180388;-0,927046387586073;0,0048029602753407;-0,264161426395027
0,427539779538074;-0,394111297906203;0,218088840537972;-0,835862010804646;-0,0323771803564823;0,762679745168967;0,90311521084588;-0,718610921907297;0,824246619582517;0,403218407673623;0,976938648906268;0,0752061832340857;0,411402457887254;0,0431409099565939;0,822459189906224;0,600685048498758;-0,228947379430971;0,496768907245832;0,581959602995982;-0,711782492726714;-0,187197719485831;-0,535239986091273;-0,599191084481173;-0,649329239502943;0,00440751791600706;0,703860490281296;0,305595745776817;-0,501688806271741;0,143282696042102;0,88134187624316;0,328970898397945;-0,0115599415093079;-0,0176007306990754
0,949817982478914;0,480488892239041;0,039919256553242;0,804651948368706;0,481594228711947;-0,900175614399692;0,730608343788932;0,304535901617734;0,771821765890488;-0,864963067796304;-0,716201693782451;0,642675238331389;0,111384406108348;0,0823107421075903;-0,477107502440281;0,661878467216325;-0,569069879092549;-0,639296209435357;-0,722182769362674;-0,444218751879285;-0,218627308295175;0,987823531793574;0,0923542430348875;-0,730132974722259;-0,0677946812563157;0,224517709982117;0,328549568064993;-0,47812876190508;0,469591255820392;0,202893620753371;1,00769198204213;-0,860965252021551;0,0532858291183462
-0,907193086066839;0,46158447540834;0,627439256420324;-0,152672827944247;0,860820338832822;0,354245630559852;0,461731760348294;0,916138497909821;0,048468844358322;0,105767753326452;-0,605489679592198;-0,818202151995952;-0,227217239131561;0,957810350510429;-0,313663013123524;-0,152509513080132;-0,0987800347852965;-0,22286018616258;0,585425324381287;0,115940906463389;-0,502553950927253;-0,73418618370113;-0,90843107190912;-0,547078112093077;-0,165160530021729;-0,062766131672208;-0,678136242567399;-0,163937943761914;0,273524344396782;0,899731884500113;-0,366284616160113;-0,80786781113566;-0,790449203058129
-0,410610590786958;0,018577492175187;0,68551350540202;-0,039759520157834;-0,120661466136657;-0,3651029792226;0,0712453987075622;-0,119127291008198;-0,295570011086336;0,797691086049274;-0,0531569828301073;-0,237368838670144;-0,847143584023537;-0,775790203421985;0,331494598174458;-0,293000180108713;0,739167989877822;-0,366841470691542;-0,509458954381279;-0,51294610363639;0,0878810802178297;-0,379372981251631;0,956567575039832;0,43480278602023;0,239304607216171;-0,922725059219748;-0,0116262907921996;0,0971691118300212;-0,309543057187022;-0,29259860778419;0,21352419856098;-0,463160391810665;-0,732834629753767
0,972247051062177;-0,816606648344603;0,00402009703801236;0,0656107201772255;0,952037245780473;-0,913331329945869;-0,792969968237209;-0,421032835623505;-0,700144563825643;0,857803298861854;-0,467090031047634;0,209513149623758;0,755077965279838;-0,253229707295422;-0,222188689547453;0,0551563979609129;-0,806150524950431;0,59914359322173;0,331360593894425;-0,792038423076064;0,7698655312035;0,186456955426811;-0,901663132129786;0,126797155838125;-0,68450204191544;0,785723111328766;-0,133149168214139;0,711310550272369;1,03886352558031;-0,744796995118406;1,06181583540062;-0,351045873808936;-0,525209352316672
-0,504534208916376;-0,819390635085714;-0,894396316374611;-0,607738260160784;0,706176338416832;0,85191798280012;-0,388722902042902;-0,6517017474413;0,972873970689885;-0,147187117253757;-0,172389041410714;0,488444844790236;-0,709923124900758;0,549013880639104;0,395291886778444;-0,724650362541976;-0,893200047428122;-0,438605293533821;0,17304503769685;0,946950843369325;-0,60633473003183;-0,437912922254497;-0,0846354269590931;-0,850156277512047;0,942010179902657;-0,185099999204564;-0,768898626845523;0,28460507697104;-0,439493279806808;-0,395109122501046;-0,890560330004467;0,860774702164;0,948743081464073
0,877285520488995;0,90065006682482;0,795790369143499;0,341589810567604;-0,141586251540961;0,053536581913612;-0,116887808749979;0,376082200813964;0,07193395227552;-0,874930667085188;0,765656402772951;-0,618669780177489;-0,650629305501874;-0,861724704823441;-0,0589102403647977;-0,686148174344744;-0,0894331251800412;-0,920018138710531;0,76396479128847;0,305085410587882;-0,597600690285602;-0,744136934433309;-0,961722191789171;0,339443802142144;-0,0150343486290783;0,90514165399638;-0,848140651673257;0,335862725280049;0,76228580946943;-0,859331980665947;0,93211646522762;-0,0642100925969205;0,396033917819984
0,474148422234761;-0,637845131783787;-0,378850759101609;-0,894248696378661;-0,425376706872889;-0,512838672072199;0,452763237351794;0,612625668192461;0,873707432788548;-0,25544302914277;0,0730618137162268;-0,785132430777594;-0,787064122320761;0,590247550404633;-0,055003702584303;-0,886001622635053;0,509709034434271;0,696160107325724;-0,00116004041647648;0,859450601523373;0,845645783013386;0,229106748665154;0,60241235363212;0,852867207968899;-0,553158483643737;-0,65288089144841;-0,056232956182433;-0,107827817058223;0,537744415324881;0,604291340699442;-0,0782391177036248;-0,8165521829579;-0,179638555275221
-0,0147036979974731;-0,124777727736635;0,766615376315253;-0,689564531908281;-0,801404528611175;-0,673561468952244;0,583315482716576;-0,698303496708416;0,682954691750329;-0,480813173719242;0,501801044064369;-0,0442890561504902;0,115071182274645;-0,237475276953409;-0,694610947053345;0,197358000265954;0,21235929727001;-0,756928275609934;-0,564997138636764;-0,076228545000996;0,0668342552346139;0,540883084161506;-0,773968427720578;-0,249762536060999;-0,2412230177156;0,649404736619984;-0,782000866069572;0,533889233465142;-0,448913996235075;-0,934623797777512;-0,740088958555987;0,813291037915763;-0,119891053970965
0,394506124497627;0,227639575676712;-0,294479772503824;0,168875870455351;0,794057858628135;0,301608512400354;0,360216525632876;0,406019426221855;0,548249047586697;-0,846813959382035;-0,299585128260696;-0,908893741077341;-0,112348786525704;0,322265283436525;0,575089334859907;-0,37112705977418;0,685309132030731;-0,684119932590221;0,351714565664284;-0,522747029711953;0,250171311398004;0,744022138845073;0,425403116550837;-0,36031435066115;0,00687286173115971;0,542153435162227;-0,460314315876251;-0,901065653527765;-0,960078801393658;0,741105448881566;0,608073438882749;-0,750229265808347;0,679004955503513
-0,924398002179525;0,720565057777019;0,525380096724787;0,590363774805386;-0,98102292083449;0,408796387996783;-0,0680418386553806;0,0652812850852677;0,508246978132056;0,509080157002824;0,378191992898448;0,516111649895026;-0,35037384562875;0,861620718165011;-0,682365597461633;-0,366595251574571;-0,104488757405771;-0,143728178910897;0,739991084167617;-0,101308574865363;0,326533016982624;0,620432583985939;0,63147388436237;0,792731408480783;-0,943670472487767;-0,847502041920901;-0,757600627179184;-0,247582222368487;0,251777128515548;0,356593176970422;0,797638548060039;-0,464392448909876;-0,558860913097441
-0,587898696580855;-0,187950784346179;0,592195175014414;-0,959795812509972;0,0290041147753419;0,656827002220128;-0,102421371232096;-0,589748646325428;0,402466634557687;0,732419282620855;-0,774563068802844;-0,962293926992703;0,114068948798732;-0,652258343285183;0,671027666352124;-0,78745376905971;0,456024547401714;0,13490490536702;-0,124671422852629;0,85857730407004;0,341574258411923;-0,657033112124203;-0,563840687455648;-0,920413877230443;0,723143637598912;0,524529196648061;0,856974070441318;0,156891964530875;-0,829964666931986;0,803999105924627;-0,857851249483458;0,701936558297693;-0,166920608836768
0,0749725629924669;-0,762475149047895;0,0400664518660978;-0,28406582312114;-0,416304489709692;0,857002077173795;0,189939768223882;-0,16709259524538;-0,521064979185028;0,914561331779845;0,878508250719992;0,396531902520121;0,745520284828394;-0,0672444719315912;0,79525125071919;-0,4381333441764;-0,469633503953869;0,786247530468742;-0,78781677904169;-0,0871950797324244;-0,332474803625009;0,0900597778455436;-0,949875685746836;-0,633615147535623;0,503104001599765;-0,692444500753976;0,494969867482189;0,790347881133717;0,731181613591937;-0,769289030038533;0,588962477987967;0,58076548145922;-0,486004677745629
0,204626681844064;-0,960903614193735;-0,89928824488238;-0,378543836159066;0,487107003416337;-0,137176013533687;0,268397777548132;0,675883758278397;0,0161648486703274;-0,146865813048141;-0,581099494549139;-0,451853988820732;-0,326450830395656;0,968118302125426;-0,41773138206544;-0,947782230922964;-0,414479741937817;0,63016378637679;-0,991753475189207;0,920460478913141;-0,220373412614975;-0,843950855856851;0,965902683856739;-0,822104513946151;-0,335823451243372;0,203325124634003;-0,733365039600808;-0,647472840953486;0,390086836445073;0,0922207405175912;-0,761280999791586;-0,683906196853215;-0,711762281384321
-0,11746341973425;-0,459106397015671;-0,115845908382949;0,685034444956478;0,930905441337574;0,033754441984702;-0,0860815066426638;-0,0657196072349148;0,227416111344087;0,641855297059572;-0,772579459751408;0,621718758157211;0,808733790640017;-0,179950218649671;-0,670067853524494;-0,096803801097463;0,728625061411589;0,136156304884662;-0,408957867060416;0,571210902532082;0,650799951900988;0,724863684224254;0,0295674364107312;-0,936311348695566;0,913311218418679;0,947774564439213;-0,725723171862757;-0,413316024577971;-0,0936344321434744;-0,723708128811768;0,914439057507644;-0,395089863901647;-0,906698348341016
-0,740091707436411;0,791012589338594;0,417719648496004;0,688609475672416;-0,642321726524534;-0,354890233920483;-0,413095706253004;0,0848229808083644;-0,023324964497037;0,542705425395846;-0,495311203561515;0,728977092963054;-0,453328322748454;-0,154062292528481;-0,626229707361419;0,927197763278594;0,439825909498885;0,651956724388392;0,946559384987837;0,638171816623737;-0,26462215003039;-0,372067283930401;0,138662794751311;0,501821115928506;-0,189039610332475;0,762218175892707;0,973625826253269;-0,250027436797633;-0,682270532709785;-0,981590225736533;-0,058380810489237;0,717911188906836;0,613005353505147
-0,128182340938683;0,0566206519473411;0,295995307357697;0,690209453380482;1,00037216913875;-0,372576344866856;-0,69059962804951;-0,756676042739899;0,972227350394997;0,184468005003343;0,0401227661313102;-0,610975628007009;-0,146633453670535;-0,965486896608999;-0,256038672345059;-0,229958154303284;0,256347780300184;-0,9827483691477;0,238916821953985;-0,628695429530601;0,453580867775238;-0,140579919331328;0,849570817774611;0,793508492844599;0,0605798969976481;-0,315104904666408;-0,775017021519888;-0,795019656725054;-0,730507197133784;-0,847836524578018;-0,388173542101299;-0,216572808137712;0,148185053042871
-0,250524614588602;-0,214325588231409;-0,83272383580605;-0,0611264872931562;-0,391392899794504;-0,595755034338851;-0,864983477036278;0,448608397779987;-0,774480283556081;-0,283502310581556;0,386509966350116;-0,777532356157032;-0,466926949251226;-0,344311217872853;0,0400237041429699;-0,138967226259212;-0,17643592880901;0,983954038994083;0,241455797283375;0,950515579008455;0,880493684215419;0,145855427852482;-0,969481841116253;0,216110124418281;0,511547104758649;-0,361310153371615;0,324537364050714;-0,588499033101418;-0,886519681078906;0,982891444639436;0,829124165218565;-0,418298162649807;-0,734244135485427
0,24083931895012;-0,896108839081933;0,25789898186796;-0,414254546293458;0,840228623235422;-0,343199029659762;0,622066955436701;0,112960589235814;-0,0682435370650374;0,23712144157687;-0,848017318504221;-0,527878858329954;0,580101139247182;-0,463432863505575;-0,961733396548005;0,194019564582693;0,353007859779709;0,454989021920777;-0,82273027332655;0,379430950860877;-0,158028096900617;0,276751659073003;0,621740538050018;-0,235783456869605;-0,0397736699787805;0,436386698193746;0,978977543822663;0,0887678918559858;0,732575846310691;0,344188369104444;-0,748311437949965;-0,10356618555457;-0,186131580754527
0,956711779328395;0,292233731798654;-0,439142088545369;0,79118501252056;-0,715652389720203;-0,00760426179888206;0,336213358899396;0,628449132092224;-0,153384719981808;-0,0422024884739931;0,917794276521163;0,887595767633519;-0,246950727006214;0,940506255757017;-0,888816999620489;0,295331050844269;0,22654169256144;-0,230467250613064;-0,463037287035791;0,660914728790665;0,211331176734867;0,432844251660741;0,982208240368218;-0,5087890868864;-0,497257271016884;0,634579413930873;-0,587097784712773;-0,313116283236873;-0,457640646173734;0,389445033170674;0,596628384076069;-0,00550683022761387;0,264609157295899
0,658252722424573;0,623389359918788;0,253393694941321;0,486468982242915;0,411894842307683;0,0777205397454624;-0,52834642603479;-0,149883341980395;0,760042109014204;1,00441691332674;-0,671985562207453;0,713006551774405;-0,114318934257573;-0,783762652727016;0,50494073268228;0,876854833688703;0,802497131257267;-0,484905556005198;-0,416284090036941;0,723786139331376;0,244579375900316;0,611597532756157;-0,458011891841245;0,319085781675987;-0,921292711413418;0,297502573782995;-0,341171513405525;-0,411446186840559;-0,34161006761818;0,0951500685115083;0,46623053709307;0,370229417695489;-0,0676386030056721
-0,37701338966238;0,0947965505692132;-0,67382281391622;-0,13315040431626;0,817922358846905;0,823707140499307;0,700872499887024;-0,92563057075545;-0,180141638983389;0,460349357966214;0,43748762857955;0,663254092821222;-0,212735348415254;0,626121953486239;0,42740235690344;-0,0829782271495016;-0,180910826680026;-0,25107748718545;-0,116589120578577;0,0219727643585608;0,279767320686561;-0,970909928358866;-0,935224229840483;0,0904615420055834;0,943368203510885;0,416821983901884;-0,876547441229761;-0,572047656603462;0,892160051051319;-0,799212984116664;-0,326047669251754;-0,452753333520777;-0,0331546896573904
-0,219354845219923;-0,737305544595193;0,130501086949322;0,18782383684405;0,0190655282505135;0,993635062655913;-0,299552406258955;-0,108096299678414;0,658477000332377;-0,566218694870744;-0,839691534964506;0,113560769824756;0,664891979100316;0,300502927247387;0,680440910542307;0,240486419936586;0,680592330554494;0,848361049307396;-0,644712154057491;-0,408120052082802;-0,642683056417522;0,661654366553318;-0,387982880812413;0,0390810706552467;0,244775934323748;-0,0674583175815941;-0,589839334809429;0,709314871974619;0,281980446736037;-0,808730331561219;-0,371868364621175;-0,204542682536481;-0,100698747654122
-0,303591217521388;1,00661949680467;0,372487788326983;-0,694038439800332;0,738258226251999;0,809083935315012;-0,235652259595812;-0,807976424074072;-0,860870645717474;0,630350610599734;0,604369056757429;0,913527595369574;0,985961062426378;-0,71246348534388;-0,874620653099952;-0,547928061526517;0,196526213705503;-0,779371989257624;-0,638513743178509;-0,672275224948712;0,964427008807576;-0,381411342994318;0,137111368717861;0,65973762646277;-0,899519693460374;0,952108192765853;-0,904415863922342;0,592534687710893;0,000193012011976428;0,6189835438311;0,476267622139147;0,814709959995981;0,373911437817526
-0,785740482521123;-0,0315168033782965;0,302943720688269;-0,682986587539126;-0,0564148500175313;0,951394394548046;-0,951662595762065;0,600000395783872;-0,59108333776318;-0,772752120454497;-0,959635953800865;0,016708352675709;0,134613765531223;0,26787516214292;-0,345934541992164;-0,706158391463926;0,266303223746688;-0,905485476723915;0,979701947941955;-0,724294331197115;-0,523207167342218;-0,0560654662161467;-0,904059294035968;-0,121431581667642;0,721810452109763;-0,785458456094407;0,795210323731696;0,722560089482905;0,180873342938846;0,200890854159503;-0,470793899303023;-0,836856721293862;0,798719387006999
-0,460383842447951;0,771701544947501;0,328113608279967;-0,16850408354267;-0,855881183741841;-0,737998646031415;-0,721706093560118;-0,677790857170893;-0,263215330487034;0,564570636816306;-0,599598932294271;0,105807612764277;-0,347910435967388;-0,0250731687460464;-0,306706679131516;0,450578968315373;0,30775336942037;0,742950078510839;0,533529310800565;0,505625964442743;0,548064581438647;-0,0938211045947053;0,288445564186126;-0,118397219096778;-0,566564407398538;-0,395736749403338;-0,261896103677574;-0,8347556389381;-0,665162394999419;-0,571812656909422;0,217086098322868;0,707102069094077;0,886281057738548
0,246353713444599;-0,243384616571277;-0,681377494102139;-0,272814108194316;0,810927529257138;0,499438155666579;-0,538383641539405;0,644775501744167;-0,341353926043741;0,209669335834443;-0,0601059841356649;-0,956145267455991;-0,84926253318202;-0,436811804051974;-0,857148704526634;-0,689894477235189;0,840952191884988;0,112719942859624;0,176635531782384;-0,84910624049012;0,673046347058781;-0,261328196283202;0,276174458795224;0,393484210770252;0,0894924076606104;0,774315120073097;-0,128052162074593;-0,40074817296999;-0,222199179344057;-0,273774210499579;0,367451484477739;-0,403833657699644;-0,0442850962572111
-0,734048965263203;0,282032237511059;-0,83880989759089;0,352256261899171;-0,947073321307662;-0,5328870967734;0,479378368920273;-0,84354858233674;-0,27906607291533;-0,819546984898731;-0,235323652743132;-0,926312331550053;0,477642908906313;-0,931607065233304;-0,620467807463673;0,25344516999799;-0,0428806031407147;0,771184915096035;0,358259657556227;-0,245752096299051;0,173260723312888;-0,0101618478206655;-0,449535849721971;0,501832044908614;-0,0534705845972767;0,659084604420188;-0,941996470540845;-0,351118561983714;0,8837556517057;-0,111634198636662;0,953811404730952;0,863608971631819;-0,634881206160906
0,0881398288012203;0,884786432081184;0,302547078712082;1,00305231333937;-0,0207596188592452;0,809416633467765;-0,333001840091862;0,718648283137226;1,01583346212173;-0,0264964597507744;-0,420390091109356;-0,46711076818653;0,34118766259542;0,633240619029411;0,727313305581515;-0,486193234335806;0,367197777307134;0,842072544071773;-0,0235680053204995;-0,969417052803374;0,863309558874521;0,803845300705015;0,318895123107691;-0,247040792491856;-0,31925082222439;-0,572882033228438;-0,584766805452736;-0,56949950595744;-0,148111948820899;-0,705913113767325;0,853959245996446;-0,751967269354569;-0,0775415040998363
0,708568874610853;-0,610496919894907;-0,795002377039373;0,0983762340993593;0,271783976933734;0,999270135993645;0,983159401903384;-0,287347382076797;0,0569907408388374;0,178818381466268;-0,962274267794777;0,992245361662499;-0,00966606662974124;0,626732873082418;-0,952764894334109;-0,647918655847246;-0,843534207372794;-0,46205100532632;0,0676843775666797;-0,00122946967343397;0,854417144710308;-0,476799644760313;0,327076768646433;-0,412717570751393;-0,429021008520947;0,343694255838875;-0,426486465355693;0,415574559195616;-0,742111213859307;-0,111848647766761;0,743137696164174;0,140935414527894;-0,647031701479672
0,610430735913306;0,632618787984567;0,265128659199433;0,543706802896003;0,436821651839949;-0,883195079351485;0,864193528353242;0,0146637130512306;0,339321449548537;-0,172290061689202;-0,353581960486138;0,302560511177582;-0,217895033879241;0,711806364680466;-0,178223786035742;-0,610610790843513;-0,90018972983508;-0,283186621172991;0,777529011834109;-0,192334011295119;0,270653320593979;0,0894324714649705;0,228150759921395;0,0838174317337737;0,639106313987134;-0,451211637104579;0,949480841369973;0,447147721624452;-0,411024037017117;-0,523845047942375;-0,809769491119288;0,457071805577208;-0,0818185620475562
0,639277063142172;0,379903197456953;1,01550520537296;-0,196502433258427;-0,170234338468134;-0,258964738937629;-0,55746480569972;0,224881969488552;1,00549793755045;-0,463513184563115;0,716881537204003;-0,297950150592314;0,306113038346139;0,810265145633409;0,653279011433524;0,773128440955163;0,0475764703142433;-0,820530363749113;-0,807270906318656;0,986999804605179;-0,645339453901873;0,103706098201463;-0,436219495001436;-0,574140851661713;-0,797297652259227;0,925991609183983;-0,0905755907803575;-0,811284800446344;-0,561563072996095;-0,552921129656538;-0,115442382233974;-0,3411294502948;0,210737354211768
-0,615620926774862;0,142827902978587;-0,646705712501373;-0,172337871133592;0,607282762690029;0,291435728908169;0,997169238039752;0,356384937808944;0,604175139491443;0,286546503318644;-0,4256632236968;0,532660342992506;-0,596841297398798;-0,645615604083891;-0,240085662462873;-0,682407049788436;0,695410400944403;0,562790612943754;-0,681923563918148;1,01889253547448;0,491463121247143;-0,415087987870569;-0,421646794509063;-0,162486187266497;0,611037177309792;-0,377813660724086;-0,074834827377003;0,853001972117843;-0,724788884978262;-0,192163837240238;0,579810187482102;0,673320317945973;0,079402107773917
0,491312495195918;-0,0782660348789989;-0,311171637070064;0,321375844210011;-0,0331425676361306;0,461684827899329;-0,0905749723821677;-0,783049024083293;-0,34799401292865;-0,228123473118201;0,838550715157934;1,01083484897048;-0,0854100743791051;0,820934765414686;0,592998333542988;-0,82909880804237;0,892513369617207;-0,235582353665384;-0,0943206223251775;-0,412127698040711;-0,338630865494168;0,740665353239739;0,842249301645936;-0,414134182237236;0,537171595040238;0,23801607183173;0,00648754368922943;-0,612338323439714;-0,834441613802977;0,10256494306232;-0,182269902993204;0,728127436111656;-0,0775924213676593
-0,546741764781411;-0,0881537925947158;0,454041551070223;-0,907522905117695;0,017608226276667;-0,250055911144352;-0,877503094680461;0,430042528739134;0,82333267983289;-0,139151745549093;0,834426605522747;-0,238806389391882;-0,151929915961861;-0,282161628035988;-0,177357305863658;0,353557959355123;0,703491900435328;-0,595911134320355;-0,935190363299741;-0,304478069917606;0,106839136261799;-0,560575906456801;0,793429382506408;0,100875783750179;-0,875646334557714;0,805595369444887;0,750232480807253;-0,523411595514786;-0,45684552866734;-0,927216290005202;0,570832164284145;0,975537550150117;-0,868185600678608
0,0884272703381381;-0,538668309597694;-0,0695203217154844;-0,83965209725212;-0,900184782649561;-0,103703736384346;-0,964135322245917;-0,195426407369603;0,179220893495269;-0,140572425051943;-0,0987917809360538;-0,970786183601696;0,846063327429761;-0,289507368722786;-0,458431179857167;-0,794764030171999;0,0554948374802774;-0,51654239396319;-0,280132802342211;-0,225688419418349;0,0539966263043764;0,836959562645656;-0,943383617774381;0,139807945173991;-0,625443112404842;0,989514549715134;0,233403977106894;0,0211027283235084;0,66729962110944;-0,0917208223184117;0,771940090113207;0,311407210441877;0,880280175647744
