-0,332364926744117;-0,367344151161535;0,671585962149775;0,364684124527979;0,374629034577486;-0,137691839347326;-0,792541970945781;-0,79929771038861;0,547634315750796;-0,209336947596945;1,0038775150728;0,0742771177141202;0,570330437476943;0,886989613979913;0,70447807675075;0,0693462455886643;-0,844141683828886;-0,737865583539397;0,779715410166282;0,262902266298637;-0,466020464094912;0,109562844171616;-0,894638943474291;-0,85362961872045;0,987596382076015;-0,282076673368513;-0,0428607453011196;-0,55982811446949;0,87055872560731;-0,936971705610661;-0,468659229998277;-0,952750536668603;-0,369008701085079;0,979497407851416;-0,205216132979796;-0,610221270888506;-0,08908144484742;0,85413817634397;0,331458321315695;0,870698727805856;0,65041850323549;0,635491108419813;-0,899192484751108;0,994025511710057;0,368540385246599;0,814181781823219;0,599935580969594;-0,803367156362625;-0,258760369677272;0,656080826364845;0,515961563132242;-0,287887495101484;-0,289452222854646;0,0712417161679115;0,0835522460564325;0,562128879042222;-0,448029492119342;0,575062855696627;0,343635311695318;-0,348772924908887;0,93341218298865;0,784012455646712;-0,688364842053163;0,535980536190542;-0,708914224614928;0,978506746989899;-0,51479312954137;0,585378442848463;0,110995486052439;0,350469437072408;-0,824398097375148;-0,657172287500419;-0,022628914816317;0,945661435216323
0,57888949681734;-0,11327145420784;-0,0378715656053203;-0,925458415945487;-0,269502092324933;-0,82962126192984;0,0803574497601814;-0,248398885091454;0,690949339375912;-0,814828087384994;-0,516628317888467;0,78455444427504;0,316176218657308;0,52515130614887;-0,122942905215589;0,203467723508263;0,825958736992973;0,303395599264153;-0,550696214133261;-0,350207423078531;0,924051747319453;0,841312077014273;0,270363869436755;-0,431459293991331;0,673708085777675;0,374139370765765;0,336241317684825;-1,00779099817151;0,0388450150186845;0,360351550802743;0,447780331524335;0,140348131548433;0,70559965018492;-0,245006677214201;0,422518528256145;-0,860965394877659;-0,457158068580942;-0,618023432905588;-0,225590813332526;0,133636028475525;0,503244835291467;0,108541181864298;-0,97034161962167;-0,916830209334702;-0,0375922944934941;-0,536910666516529;-0,396207812832074;-0,124526064964903;-0,348321248038287;0,846864654643437;0,475368553046746;-0,176855188473594;0,839140027796902;-0,744860157073365;0,970033081970553;0,722733529661258;0,592597329032882;-0,640989349138414;-0,583866379967554;0,352252528366873;-0,191320635796244;0,0671877576734884;0,718224376751525;-0,709401401599946;-0,290841173491082;0,321726127603717;-0,956846483406325;-0,440438967763888;-0,916974424779813;-0,29213032871055;-0,353093950004955;0,408855050990497;-0,507073387583671;0,285405043180867
0,10508763919108;-0,231845781980416;0,826948427352741;0,156697606723372;0,579868867950661;0,191693506428804;-0,259581241637354;-0,591910735249949;0,315263642533334;0,18577997225165;0,868523346937618;-0,398298380589578;0,283490807131794;0,450291291814465;-0,239934470672942;0,668200405828824;-0,464501007748246;-0,809752596185823;0,96809095085425;0,403780052475843;-0,680021747774859;-0,604148447230969;0,376896728534335;0,68947311806902;0,385287328665058;0,617934701267757;-0,61666281808008;-0,971800232267705;-0,210344325709852;0,912947428283305;0,16737671181156;-0,965639700870229;-0,697874411598652;-0,452151443758826;0,116516090736673;0,152829143832752;0,867529222925834;-0,60720282189561;-0,257378426028237;0,196227016397565;-0,430918242371203;-0,635978107518255;0,755847731128613;-0,505713033969092;-0,604655126407702;-0,921715280503309;-0,974385012308688;-0,42836205701513;0,764801981325067;-0,609801250465688;-0,8202271215083;-0,56908800133581;0,394032728207052;0,0717075325363382;-0,0223873608268623;-0,305317938691103;0,36922394147287;-0,899928539373827;0,787535255481356;0,959417132228444;-0,218478315255734;-0,305107453461961;0,626927931316933;0,360164776221727;-1,00847356432401;0,810945770728199;-0,736784044290927;-0,264701275113589;-0,683780259739159;0,576484520447173;0,784816801780042;-0,893222211843323;0,410569301901348;-0,259994664378959
-0,174715514801361;0,931593907738945;-0,3384419222786;-0,122450240800852;0,295070234380196;0,294410453370426;0,585822179598937;0,786330232216671;-0,750698404611966;-0,596626718531237;0,744308428684758;-0,265009763021699;-0,364332391346285;0,237315127786771;0,560274718852376;-0,58919081039708;0,780178109278345;0,781471057666202;-0,37505892055799;-0,219167049998127;-0,583679764958213;0,858502718225822;-0,252454208466564;-0,634720720865872;-0,483772039052336;-0,425533256159543;0,792033653227443;0,287522426104402;-0,732014004908764;-0,818957147938958;-0,403754203646934;-0,934761214232007;0,0115315811478053;-0,348573608211295;-0,745244614203779;0,038850014109852;-0,963044439896671;-0,501143384770716;-0,194001933409042;-0,509607926774344;-0,626923001154304;-0,00136651767945175;-0,532790675125153;0,215000117911549;0,631174723689867;0,253833319575414;0,188220995179805;0,0408462124252089;0,173735506993241;0,909351368819352;0,813475335006513;-0,997660057271516;0,474337158993969;-0,355927354265411;-0,653789423619718;-0,0415012773485724;0,176639035120107;-0,713370356835094;-0,638326535485268;-0,28171270606277;0,493719642710626;-0,707402267015794;0,517405486847565;-0,942350138782495;0,799202038981177;0,673034660319756;0,713581634158715;0,981215905217434;-0,0225678361875736;-0,486804463578543;-0,631932942788415;0,272387650890784;-0,0339489713039588;-0,873610499920258
-0,530576117201415;0,462451913466071;0,401000187948782;0,576807859668717;-0,21605469316801;0,270602961408709;0,436226670792075;-0,20305372608584;-0,866086490261576;-0,623729080042738;-0,578205706820571;-0,368199280401569;-0,385875892205251;-0,61605915657758;-0,66629743069912;0,336186356866733;0,8668253066673;0,763580116290228;-0,823392516798295;-0,880084877570115;-0,000106652680137365;-0,871049445615528;0,524828395440246;-0,550979855003896;0,421313969889532;0,981928469402176;0,562665304687811;0,227364350809766;-0,908911661499885;-0,295727576544208;0,588331474499724;-0,410725931441809;0,0818929658020501;0,349709288751437;-0,743277291520568;-0,0270153645641397;0,620184283765953;0,704821795185373;0,580647925635053;0,137579583334121;0,36926699979034;-0,217734283590193;-0,804620213073365;0,197911261141252;0,716908668442026;0,222505470297859;0,107050164559466;0,402711655091928;0,721665180969465;0,699521818740182;-0,336594990464949;-0,348046420603033;0,180559817635565;-0,091377005235599;0,142069924827046;-0,652025629281374;0,964815638213337;0,0111068959007412;-0,881633397020929;-0,202784483505956;0,746376060656421;-0,775854230441096;-0,319365482516336;0,496340341946548;-0,17467755325405;0,858604562102703;0,60216818373279;0,25510408979561;-0,854950211446913;0,404207539226175;0,737048940762878;-0,785695143621781;-0,76163898885591;0,0820088399675931
-0,230177325978876;-0,743646055358968;0,889603729228842;-0,664206281575531;-0,277208524995538;-0,786542032386865;-0,119815512930811;-0,804476868332436;0,531512856078791;-0,615899889826181;-0,986431185752133;-0,0689479240745953;0,413902330504615;-0,848505822219282;-0,785255749194648;0,924716435236591;0,0060783617956645;-0,42104204412859;0,544925260294291;-0,213688835919498;0,379383406191951;0,171415508769587;-0,921536925286637;-0,253745811162077;-0,660215416050693;0,870330187329707;0,65161833193409;0,85121311148493;0,230751453123944;-0,676725477185852;0,972804664825209;-0,541761785114324;-0,568371324306882;-0,905296041152711;-0,863326096006358;-0,101048001646568;-0,550120026843494;0,619123617152727;-0,716367099135105;0,908886434100174;0,916495998534268;0,546860896369498;-0,346766796220438;-0,687366796896687;0,456276644575157;0,899501863499492;-0,573573852303312;0,42142281650802;0,042127599983948;-0,785665815204698;-0,636545094030331;0,156890531861643;-0,319220855649916;0,423108421221469;0,657957795414637;0,596078911508063;-0,815413829321329;0,155274191508958;0,983731651338896;-0,147744005316301;-0,431724663023732;0,0357500631649666;-0,0420432384915165;0,223484511478955;-0,581429836658556;0,560491520550917;-0,489696321027124;0,31357104844707;-0,977918617162754;0,326970338367259;0,476832492750477;0,400645553014152;-0,690929231277286;0,646574573956525
-0,130035338519849;0,83827319804822;-0,498155884363207;0,76320020001991;0,284876041177387;-0,558251288724231;0,438748352660123;-0,764330984602422;-0,190478014937538;0,00856081713071366;0,947212306366898;-0,188337063847605;0,773196726091829;-0,00206725222003214;-0,563529407854685;-0,462382017227246;-0,288348143257552;0,283462186833166;0,619320231438061;0,42689296458437;0,334041689033864;-0,118564712003303;-0,423913824714281;0,43735358390463;0,882538997231827;0,893366942816621;0,391579599078263;0,108070440038428;0,389194161732976;0,711228113692538;-0,2659617976911;-0,0410735183348364;-0,157622911003246;0,0313825351902475;-0,453379274397103;0,812175905700401;0,084745108106284;-0,592543833587148;0,860768467809929;0,534739738702361;0,402495425463277;-0,678056266750245;-0,79202651206481;0,945227387371326;0,259303587480017;0,599200346716691;0,773711313695;0,497262036026405;-0,131778163682602;0,472732193602289;-0,399644941766124;-0,814119601277413;0,774873715887874;-0,131794688741855;-0,703244397314284;0,982034280232869;0,259043250421794;0,0614935461547723;0,877201291281644;0,388277527163746;0,0468709397796225;-0,6724127504698;-0,156815212817031;0,0951767057480509;-0,728670799684458;-0,0149338675952849;0,966104037280792;-0,261433954992941;-0,551676813354177;-0,37876140705946;0,449719883757377;-0,698917626349927;0,419648235585956;-0,918457451313636
-0,960525027032082;0,0202990505279176;-0,329268994916787;-0,359308131841703;-0,811900211475986;-0,717279170381621;-0,872131986354529;0,902653620756636;-0,756030397155752;0,919237454710536;0,121301681069422;-0,443306132003995;0,188455721336096;0,972358019026864;-0,262799695825307;-0,429400694688156;-0,448246043408381;-0,9778185577062;-0,466584858697987;-0,520601775842493;-0,514450079492386;0,0864574638740849;0,485647038912813;0,120282826722428;0,671462030201395;-0,720752090766117;0,634188851369133;0,0387971590288598;0,0542995980798451;-0,743846087722694;-0,968333193281801;-0,692792088766277;-0,224690190395212;0,691260287667821;-0,152226951425065;0,29454071285978;0,320446894009926;-0,357063677195497;-0,107874278584348;0,602215671460987;0,277081587255471;0,161757564010419;-0,909622804494703;-0,0625061697776875;0,992389504378754;0,728088433379066;0,804803257921462;1,00439443912168;-0,98497924762463;0,887867841025926;-0,9294557044106;0,43623400403944;0,78162078245879;-0,0492236515645171;0,595952624363745;-0,0500675169536965;0,54131704603775;0,564244176177772;-0,0439923718637453;0,907437248392839;-0,347189751003353;0,0948125061595106;-0,157111388275829;1,00225799808401;0,893855492802201;-0,185166529228603;0,789705319746813;0,492104344803563;0,13205823561456;0,453101496980779;0,253687885215513;0,920016545037199;0,145094091249124;-0,0596439964376337
0,19851967082533;0,328374349366606;-0,0195129675438016;-0,456309711530421;0,121076746799568;0,943009497943082;-0,533566528945346;0,633726483755794;0,023746966020847;0,157088473218394;-0,828871906815439;-0,411227321772978;-0,479336035987577;0,812400795513298;-0,907289221658162;0,892974282083041;0,749960219379654;0,748256038409951;0,670871964116544;-0,0219528631031814;-0,0565330052513322;-0,817527870214579;-0,694367568608128;-0,905410488916877;0,0333933293554102;0,171347772480358;0,941166919357627;-0,691438099015174;-0,136786222219281;-0,443960915111265;-0,370520115033929;-0,8541489863648;-0,711518462896473;-0,162242424952957;0,745504129258664;-0,738812909409666;0,961270181304532;-0,0202398078280812;-0,56991299782248;0,00535694558372055;0,429244635694307;0,00782992792717727;-0,947888989485798;0,678121967815614;0,811909745128265;0,296185715029591;-0,717487626137388;0,961262253712874;0,390042017012672;0,225011954559534;0,687771373653777;0,49495516186741;-0,755487990723281;-0,849074125063902;0,981307136221968;0,00886123729477913;0,0174117086209299;-0,117536706938112;0,507729095513019;0,945187621935852;-1,00140619721545;-0,848816298867623;-0,233924358937976;-0,536447942305907;-0,476745589859363;-0,977863716869951;-0,70383107361435;0,679323273863908;-0,939259339687927;0,826647984699477;0,928725055554623;-0,234611277412271;0,31350341470911;-0,33915169276795
0,527672818012024;0,917138527381428;-0,87504723114869;-0,393908070003812;-0,738401222642341;0,726793198441861;-0,126891937895771;0,959960797752643;-0,0939295141121933;0,625699149146212;-0,152697612771597;0,117326587907065;0,888091004082472;-0,869232362367127;-0,15611277805807;-0,282253043635185;0,233973033064961;0,0725090108154683;0,462129687380855;-0,530519326206629;0,000954925032127958;0,255158553602025;-0,775656623171116;0,572765576711224;0,150998789124024;0,776511480136101;-0,00935760088588604;-0,4123232583397;0,882709546472947;0,544890997272319;0,275965984664213;-0,0944613293819718;-0,83528345987745;0,577366605284484;-0,405931644208621;-0,962645220443461;-0,137503959962504;-0,627484311400857;-0,410744477045217;0,760049005726236;0,0429881820609412;-0,989366118639902;0,229905380677133;0,111469692697386;0,584079772909729;0,385057498290977;-0,886044653611766;-0,859989389493607;-0,18775422562696;0,320125937102163;-0,420735654053539;-0,168464904146519;0,281436517198416;-0,177547551913151;0,648777543768595;-0,737950640955;0,675033634772928;-0,46681314256236;0,462744988768221;-0,521383233600028;-0,276411685815337;-0,73487877099891;-0,926466950965862;0,338304795639252;-0,666585718154007;0,929581634626834;-0,0671363843033902;-0,692133880772914;0,517858827044633;-0,21402637072814;0,846616764018729;-0,16043667771547;-0,540226972269373;0,681620187008174
0,425675063077334;-0,0198918214639721;-0,963128802543958;0,109490730281225;0,986487040845211;0,757988643561724;0,664549257716423;-0,164114212754931;0,771246184781255;-0,432406763563228;-0,0283398206540991;-0,559615528796369;0,623386713987096;0,34907537411567;0,922611914826541;-0,668880822539297;-0,644471805043744;-0,665042440157297;-0,0777179140775986;-0,887905708851227;0,0346893314795489;-0,228620026623544;0,943396052733523;0,87896963636261;-0,215735441584383;0,651844252421261;-0,558086424458262;0,801922821898495;-0,375783241589561;-0,977475818084086;0,470064578483013;0,739646924217176;-0,622823389499506;0,595447652845256;0,403450496469057;-0,326135536853475;-0,771278031595229;-0,422592016120144;-0,448566884261086;0,706372644461074;-0,179348853198069;0,896183200900492;-0,491266809478551;0,504028394160442;-0,621237025772834;0,897065120392625;-0,684771622173996;0,594723076655499;-0,608492118224416;0,196532554710558;-0,559367337739738;0,514330097775695;0,921073665888665;-0,643674574072696;-0,344147354374595;-0,351974270997472;0,0332137796827054;-0,843003781783251;-0,678859870534933;-0,669257585112394;0,314031083564392;0,858131340013037;-0,792842660238946;0,747323486989891;0,0948610719204966;0,22916733785759;-0,938988288404774;-0,97558575176223;0,941841204379204;0,246304609272932;-0,89959792894447;0,775716944791247;0,781672707271283;0,213206674743335
0,270714708529099;0,119581322549865;-0,743534236831933;-0,581898601528317;0,478106777863683;-0,120192565695809;0,317706178643972;-0,172492709274749;0,398882299107122;0,4172471474419;0,558705797140075;0,936284813350559;0,805705303733052;-0,985798816051389;-0,072579016135701;-0,26044390685621;0,633697437215148;-0,93477102170788;-0,756191101845744;-0,794211453183408;-0,613379776730813;-0,058865503701942;0,670185944562678;-0,255658233094278;-0,596131927197697;0,134757369647587;0,827221202487835;-0,722072295882134;0,638349637027778;0,125969568958347;0,076599835319726;-0,355033420077722;0,714781320487916;-0,297531298003937;0,0579858423441744;0,50377060159442;-0,630648529909511;-0,425834918283338;-0,352590242069158;0,422813435489003;-0,0167308568900456;-0,544298858360678;-0,556705872090504;-0,234530549329363;-0,844736863342218;0,134713681945527;0,404414819319534;-0,978122546466285;0,0731386987843156;0,181247117695297;0,602045456855229;-0,985322834883738;0,504901968526033;0,552942743982771;-0,182297250994851;-0,681572920044893;0,434139849291588;0,485601277323723;-0,975487627626763;-0,661426102637362;0,0385556210547294;0,0256233316168105;0,190914039416629;-0,752264660889683;-0,675893491109467;-0,0984642399167447;-0,798623794501704;0,101570644958094;-0,0607358175968214;0,402265910230622;-0,641483797795654;0,0373737543197711;0,392374302991354;-0,199443891214964
0,235278756904262;0,926131596225995;-0,486795486897368;-0,0888520262568896;-0,401223473381721;0,265583367420241;0,74056352817533;0,800286726854342;0,202829850108565;-0,535850034831149;0,541817457114326;0,067660639541204;0,142682650504187;-0,826580642913675;0,885890769219824;-0,253707889851612;-0,929469073376714;-0,111065070093111;-0,431369140833474;-0,68576229128788;-0,614680982967828;0,958254106408908;0,280807680643192;-0,813918015929574;-0,551800118726271;0,255416096798468;-0,0745676678049566;-0,695053814619081;0,0941129809933388;0,675361001914563;-0,170563973794191;-0,429466152696399;-0,372989198936624;-0,295677629984859;-0,659951701113525;-0,0963437521575373;0,820043107894418;-0,448046201483286;-0,0908214874091336;-0,230642037510161;-0,382953884761248;0,259267589151059;0,843621996908778;-0,262105644972025;-0,264851551277432;0,267535589028664;0,775271742739333;-0,944716402241864;0,230712979196292;-0,787912637310212;0,348530055526529;0,483539830954609;-0,519120746597429;0,100767204986791;-0,568668875761348;0,27302485390946;-0,349686228979609;-0,669000155783967;-0,544955000340513;0,339759643402181;-0,656106092073864;0,440544969205598;-0,298368371793151;0,534352813639967;0,639461250872608;-0,0264619397635861;-0,552323308516053;-0,564446661248759;0,835539210112344;-0,0134531713385837;-0,0748882985644903;0,524663950117329;0,986185818574793;0,804890830608084
0,724028062866645;0,144916386801301;-0,891519250072283;-0,440662317857805;0,466859726347037;0,186711498749302;0,492766045232306;-0,10775338123134;0,0826662499023798;-0,11608675349211;-0,659235813713793;0,358317088232303;-0,903193588945504;0,52463674765433;-0,718389532294934;0,0825817865657573;-0,742824707054052;0,482839921085704;-0,90476111674909;0,576906515534882;-0,574782573402282;0,196292044621567;-0,432396237618276;-0,673443020601102;0,0916684181112878;0,771949795879947;-0,171182316498529;0,349307145007252;-0,773949880966042;-0,741473090437831;0,303430267100575;0,837976021064583;0,508736713205401;-0,32374984676475;0,405130986402236;0,311175326529945;0,179843794762455;-0,876191957021227;-0,10893041892359;0,283948784486825;0,871211498129744;0,473124465869447;-0,64017609012914;0,840212386045985;0,218174819417596;-0,702992900265033;-0,113948038354103;-0,0607599366069308;-0,830167771656059;-0,232820643250452;-0,269130947594989;0,459785209470822;0,449541414225349;-0,577979919523679;0,376666088583841;-0,473833921571284;-0,410145937940487;0,800283109267098;0,450613437638377;0,692796009971789;-0,633900711661279;-0,842698655267341;-0,340410983320928;-0,156318979923972;0,593067823111353;-0,488380910877521;0,865945032113757;0,417148227627659;-0,867154261370389;-0,0132805327623466;0,90747959287015;-0,848666560440787;-0,38775497341493;-0,170943085855516
0,755544454733264;-0,00630192927929099;-0,17739146409441;-0,240470292754223;0,139361791019884;-0,191983935707951;-0,0858639277912975;0,937145699747467;0,197304498400454;0,465617725880245;0,553421791677473;0,867685833304028;-0,594800993815434;0,0866852414222336;0,321816766415715;-0,0895147515397533;-0,271281445291579;0,375208276609795;-0,322843156731776;0,216367771713149;-0,0822556417965418;0,756260679145243;-0,167149701373812;0,558523997895421;-0,763208495189959;-0,275361721566029;-0,541715396248877;0,488881403561737;-0,178625624206216;0,216505770131603;-0,1033417401142;-0,390000320884226;-0,124577297498354;-0,378514216828037;-0,278929690762884;-0,561368728367265;0,739082793534259;0,892505955498163;-0,289572595257907;-0,327157208258045;-0,165801841205786;-0,524899061336187;-0,0336666382601778;0,240566104194153;0,331795538465768;0,75635682162438;-0,871285744772053;-0,185885915667529;-0,86226226383416;0,254193507134271;-0,741617900181391;-0,433695455572458;0,523930358194622;0,423120150404667;0,907094340361948;1,00194553828351;-0,814515777921777;0,300492510966973;-0,505338990452313;-0,586577391611379;-0,623156313953291;0,446393135639767;0,10541429876721;1,02677935947579;-0,40425761731383;-0,0372639585321322;0,0303901774896916;0,776929985735477;-0,614916863563917;-0,0830340424273001;0,183029922982382;-0,124774227235086;-0,293440421501737;-0,964990376439859
-0,581909131490275;-0,516449698581327;-0,242163157705289;0,614693260459927;-0,757957185190067;-0,505105808059539;-0,385716731836652;0,686547494246278;0,370993998816715;0,562474464370293;-0,0424966535378936;-0,655867088069424;0,0950919042894859;0,437640154928937;-0,268492844774951;-0,260326147676626;-0,741731208762902;-0,580925827974447;0,374882413654483;-0,693286533499441;-0,708278816761804;0,422895341366768;0,366541839749363;-0,0165532150253972;-0,378099779313912;-0,613828380689095;-0,246050482948964;-0,639563487056115;-0,57483730267316;0,24192567257942;-0,904465807089763;0,402925322961277;0,876244159388634;0,488901524263367;0,0295743739751957;0,455758500459582;0,255601465284859;-0,405249750626257;0,0853487463043945;1,0141591564907;0,822816474130265;-0,293206266602985;-0,946642120036064;0,573862749254606;0,0764357824790907;-0,731490489656312;0,863268950096681;0,592428068790084;0,066462518270658;0,652991162278586;-0,364066891255209;-0,221127721923754;0,526119972566634;-0,603022458533564;0,716500649532712;-0,00472684326796726;0,134237338211346;0,801780634367041;-0,0298948699511472;0,854423954050333;0,756119888147224;-0,730069472522307;0,254098568073533;-0,838919136212286;0,484695638715885;0,563920011663674;-0,507735261754612;0,601213762237199;-0,576269567714955;0,300087760566517;0,49312351480582;0,689740926988297;0,363799528420126;0,384254573120889
-0,515288375720515;0,596000827540287;0,341875409275096;0,790626012339561;0,898357134613387;-0,642179719384871;-0,486784937772011;0,174428094449805;0,297431725901592;-0,242143861377149;-0,414800798225098;0,310490902983026;0,87136863274392;0,460931342801042;0,772255291423566;-0,968723079325853;-0,679012120817225;0,436297603268897;0,596617297617601;0,221479782032623;-0,748778989232933;0,55740884887241;0,434210934942132;0,908609734504283;-0,931025532102258;0,508849577469895;0,787387815369579;-0,740784249331144;0,154104439620124;0,763298767394355;-0,841723576745667;-0,0591640876565608;0,408703595252188;-0,860413990066251;0,90312368183488;-0,888931909380694;0,641586474222151;0,317736918473216;0,888212170371039;-0,396092306541566;0,326050357660571;-0,435524866898588;-0,0587551203074982;-0,508308302533207;0,54820074727051;-0,835888343146778;0,673292768019364;0,00595796406302267;0,815733442312159;-0,626616335767472;-0,0463763379388315;-0,955397128925633;-0,913735122806912;-0,881523704178165;0,106896472661928;-0,079129876305466;-0,841112335229419;0,429469527404354;0,718707697012693;-0,614185470392813;-0,43210781379694;-0,749214174476664;-0,983215435127398;0,530945958479113;-0,403242773735836;0,6414763538537;0,899138256212289;0,728585171804595;0,553767770943978;0,657556769863314;-0,613899224416501;3,7420833725425E-05;0,544622179292242;-0,0105439136133878
0,880781589282797;0,670838352456843;-0,390034738912599;-0,0729467305692711;-0,654078917645794;0,898342098615223;0,821020403040114;-0,233705444703565;-0,566843837587116;-0,228799055684244;-0,206204240741125;-0,898718535808115;-0,156038508551794;0,282738234955925;0,0231340581841515;-0,0325645766212401;0,946456498829087;-0,794601007695039;0,587264210140023;0,490567064426766;-0,968579985660732;0,0585768071213997;-0,46642084570074;0,396268739984167;0,889949910842328;0,896617306704778;-0,743901162366735;0,934764394769555;0,440865407679209;-0,856778120254871;0,971898251946215;0,938310155808035;-0,515871599257087;0,092402175795456;-0,784026871842966;0,4110962385968;-0,708532705815615;0,202810932359454;0,0625020300258284;0,804999011953788;-0,459960196192291;0,778144843598562;0,804722557849991;0,226310336272805;-0,285329678533989;-0,521306879719983;-0,219861344078943;-0,404933489394772;-0,314861662162743;-0,432891097015031;0,702496664445135;-0,835827358645311;0,389833103683368;-0,964531937643706;-0,0500325513829639;-0,187208470451241;0,127119481826161;0,197205434398957;0,0412916697671149;-0,556131542441858;0,629762036289069;0,876920501501868;0,325792455018112;-0,729893947594079;-0,213619679573745;-0,156663791605811;0,600703568273477;0,750548532074983;0,0567582121549269;0,597137009870409;-0,331479170007636;-0,274057913576087;0,12570259894056;0,768384100365455
-0,115339100941855;-0,807390491198382;0,251828655578238;0,254466057658946;-0,370729686757162;0,390145149972917;0,062129158569402;0,597706243837496;0,215903704130566;-0,148192454148954;-0,608991897827346;0,764654384225911;-0,482013662844693;-0,566898635544557;-0,893540445230839;0,354157343379591;-0,729374959075366;0,0849625330074934;-0,866213417543779;-0,419378087748757;-0,832830261464298;-0,397905564302518;-0,589888830935066;0,475470958974648;-0,562087602501162;0,835600764705497;-0,158870865427511;0,00210613059242188;0,511728741763253;0,0378600292916773;0,843338801540175;-0,0790331300003778;-0,0147339896356513;0,613058301920568;0,0742956533429321;-0,335028487070264;0,498711925075664;0,768932125937392;-0,51301038531992;0,599029468149413;0,294984477553819;0,948030030100713;-0,367380192083785;-0,593057250408636;0,802710127937588;-0,0375754191729328;-0,718727895688983;0,100535090007104;0,570160473666414;0,643176461625607;0,312000216861018;0,52975932684283;-0,492998741601518;-0,510402297593162;0,592089343514529;-0,738204143632637;0,744649775264074;0,710272721324883;-0,151452489933716;-0,209035498513466;-0,495467401739404;-0,969067890629085;-0,898477884016587;-0,895190335490746;-0,0370864819988372;0,435974845037529;-0,280793062372153;-0,0936643088621564;0,328730644602282;0,388897551326818;0,828415420647257;-0,558959020044276;-0,466970918023265;-0,517835801864536
0,349447378856446;-0,759270970171037;-0,979807494010826;-0,945211226637152;0,742226216180112;0,47379617785866;0,611520900951874;0,763661212054962;0,439510369039766;0,901826643292673;0,817488562442691;-0,635412235111926;-0,559097549363963;-0,465224526522587;-0,954204785285417;-0,147966170379795;-0,0723453487989574;0,828039665856482;0,00226612620739401;0,736752640450076;0,106809403523426;0,30480976725362;0,923075076288172;-0,464672909179668;0,476729280195648;-0,610672459940949;-0,760570787212008;0,403046090959204;0,831155641535445;-0,770402020662635;0,865510106243956;-0,0763984900473931;0,0437586259382973;-0,970952559848109;0,251186994911585;0,45236331022509;-0,672641199505911;0,838356897671048;-0,923165308140289;0,434464985418257;0,291232324544545;-0,14430473591709;-0,324627167982604;-0,73673681798192;-0,57964981385061;-0,331044386910239;0,0761618140215003;-0,696290182350104;-0,0492173110767925;-0,439312232269965;-0,481978409476859;-0,933521778391856;0,5320517055255;-0,10031837726518;0,435388594945459;-0,947096425820977;-0,650061764205647;0,548164880275987;-0,461983888845812;0,347674468541169;0,272228754422665;-0,768842018780374;0,908441298816089;0,278993626373229;-0,922688597206189;-0,0783107124486441;0,375681172387866;-0,595467495625008;0,307065025196034;-0,359729959845163;-0,452752439240456;0,144487192795188;0,812117485149334;0,616969903335278
-0,515235099633757;-0,692659851839355;-0,415241457647574;0,6800848110577;-0,879251351151583;-0,173822802692124;0,329777342931486;0,991103348751465;-0,518467759767484;0,263032904270493;0,699929526554791;0,804174249513731;0,401827530028006;-0,873243685586736;-0,389220587079007;0,228541218516717;0,10414865968951;-0,248399992321495;0,266577245701311;-0,263296193763109;-0,847215256082443;0,101781459888811;-0,0638233184168629;0,459315812396913;-0,84626716047959;0,516712585136958;0,333679206460041;-0,320985565262368;-0,0205079950333689;-0,668470863013663;-0,959614159158694;0,39687561361306;-0,71637133674569;0,914190583520759;-0,562375128169347;0,16795584830159;0,478618355105507;-0,31358140894159;0,443123363998094;0,727696813262836;-0,955963823214285;0,295767333275476;0,715192353261391;-0,323848594225236;0,57048370750735;-0,710936549028387;0,511668010211249;0,240208012861625;0,81493389188636;-0,912192713607924;0,503930703274832;0,809254694521121;0,913993930608507;0,0627952163038168;0,419776308000406;0,383234135393571;0,384612149515394;0,154887953427979;0,504954712575565;-0,396495926243779;0,511158632527351;-0,338488923901096;-0,00012444290883246;-0,813097544945114;0,243996904054723;-0,679407286377512;0,549284664747441;0,48104957385971;0,700665746945931;0,466871719444501;0,758491011416919;-0,551721938758553;0,338795733629921;0,561575966513489
-0,311928473264003;-0,137785813874938;0,356534098489706;-0,751252307579524;0,868641565029443;0,865265244352689;-1,00550802840384;-0,897839457346867;-0,132073804708065;-0,123902654913051;-0,204670777276734;-0,78143490185405;0,473445295986864;0,203648350287304;-0,510263816038074;0,0440156717449793;0,778914526733777;-0,697474109084549;0,148306876790377;-0,171347618868418;-0,792348338036831;0,37652731944206;-0,728890471428607;0,542465993173734;0,412108246521215;0,250298504785546;-0,251004134607085;-0,98242956494619;0,512465650694882;-0,66257457471727;-0,680812069297646;0,0479609388958613;-0,541639696505877;-0,652719191527333;-0,652143756910364;-0,461174436119968;-0,995121131206661;0,096727358694971;0,258045985644195;0,622974210654987;-0,418142370520255;0,379086464928403;0,757217153595078;-0,891107910382564;0,348823364659041;0,00663774489610201;-0,18452700960328;-0,690611948434301;-0,0287774591883363;-0,367066531510954;0,65693998164134;0,435532751776146;0,282167123445665;-0,523341949837787;0,322351400873387;0,303189149635043;-0,417333172932103;0,803971934528431;-0,162449563308982;-0,385895793288122;0,109420655073815;0,967942677169847;-0,412824194410695;-0,480563808481158;-0,451254156733532;0,741316673626865;0,750637488566244;0,12299007090968;-0,153060750212858;0,941068750593064;0,0337023673980642;-0,328033414250203;0,0335879122124331;0,515376153160006
-0,757751997975855;-0,181729101679921;0,620702618659839;-0,845225709378223;-0,813122918482106;-0,600635212408083;-0,570131131133909;-0,571883366014843;0,0400617060704082;-0,122649920759729;-0,323654881182371;-0,122327663060067;0,761421238696126;0,980984738390757;0,0183323389261255;0,0379559448299913;0,951082824886609;-0,800537773873287;-0,740400131734205;-0,360472555176348;-0,489295178199406;-0,395627366451859;-0,210968699638016;0,227441627284306;0,560394658151635;0,602901354788341;0,247458793628003;0,686174640639208;0,458672054524119;0,0233338472017544;0,592075192147624;-0,0209402742453316;-0,603357659037771;0,762859813206921;-0,76950590978498;-0,503147710251222;0,677136927944982;-0,578181013683127;0,610474062755641;-0,567113632640009;-0,822064951291463;-0,324523879814818;-0,0712167101557479;0,702382113715417;0,838954185300178;0,666089384360984;0,977162655442464;0,766261551760178;-0,90036269329665;0,805583918018792;0,989826553394415;-0,171483480136387;-0,595066312269429;-0,608575909159463;0,00482554430095448;0,630209889950489;-0,977370336583191;-0,61394089061767;-0,406340769282625;-0,418844746746668;0,145345868522136;-0,26231639638937;-0,0330093544630446;-0,990918837314148;0,278668845574874;0,691818671431645;-0,526553880542031;0,995144527631016;0,745068764581007;-0,485143738724989;0,356019541696196;0,52213596908435;-0,418878912063584;0,820077265101877
-0,503826870542625;0,860699690134202;0,678781812366616;0,111958713082635;0,416887300355878;0,89647077861982;0,653647477495871;0,505124552431118;0,59706026074778;0,660514601187512;0,0639256227074809;-0,215279366356471;-0,414987190894401;-0,987577501193562;-0,227052077985687;-0,379020406478793;-0,525839118359466;0,297599648741432;0,848251515706858;0,0466661475693402;0,286942607401591;0,467516275049239;0,732311572268143;-0,0581260482014581;-0,575035308562147;-0,838792541026864;0,202670732764387;0,991802753945044;-0,963898353245468;0,608307904651106;-0,524442907341511;-0,504570939754228;-0,726662608333324;-0,41534383680191;0,941919203938497;0,196919266981741;0,985688956874331;-0,0287722305995726;0,0150952456630686;-0,279536101963602;-0,0234470550792292;0,687401633173037;0,159179902544857;0,335362036576899;-0,00963404968708506;-0,474450450432489;0,130798614823286;-0,499352555413594;0,263793705599187;0,15624562815973;-0,952720364803478;-0,915673829689593;0,721164895577407;0,567740246656665;-0,461160923225114;0,0303270959546089;-0,857391596776211;-0,226372248092503;-0,338217925393006;0,25032276689529;-0,285201347798244;0,668902134652552;0,453248646408391;-0,973219944021786;0,206607103992894;-0,418157815168441;-0,459517646735448;0,99487660527172;-0,919998059831229;0,600915300776441;-0,351543379596632;0,532025130036406;-0,684292292260449;0,15225482857903
-0,95439722796619;0,589891861759586;-0,725107212863108;-0,628960898626119;0,913327809671124;0,898616032353176;-0,00113644963105411;-0,307383837916155;-0,274113613516658;-0,137725819534421;0,511680424731407;-0,63716850065095;-0,240360526103287;-0,318249345906647;-0,970881446976961;-0,106221093223089;0,0464332940535462;0,18766929042808;-0,736948548210877;0,742624746187935;-1,00476054550221;0,290227413824551;-0,804895454363359;0,133204351773436;-0,894425165446302;-0,603946068894528;-1,01199033775448;0,120543479394245;-0,61228695675468;0,637890747086804;-0,516348940648692;-0,510610239504628;0,751653560851349;-0,438047668580593;0,475143002217153;-0,0964768910645895;-0,286379830787737;0,701654916470368;-0,191532338148614;-0,263565017505225;-0,799387192775328;0,969556923061976;-0,101588684503097;-0,436290444488235;-0,549041808512153;-0,187931375397596;0,782092022121391;0,799298595554638;0,923966992093719;0,147666636512805;-0,476444768966496;0,429111734770119;0,22643028567451;-0,481744776392261;0,121007452850583;-0,256947972205649;0,379199492372879;0,10993816971212;-0,722187276088621;0,515056185494595;0,890526557679683;0,867733709390707;-0,688431303089324;0,0558849890300416;-0,641855362091859;0,00608014665181718;-0,414995261901435;-0,803482324622551;0,193506294514649;0,102178101422203;-0,834436407649865;0,318445129907099;-0,648966149493714;0,503483059767047
0,535194213137764;-0,993879968326003;-0,592230007747057;0,624303862645262;-0,31758174158618;0,283716057685264;-0,390161004844382;-0,829646741666979;0,182572669452014;0,238408936500922;0,121534262035108;0,051817209359554;0,256519105977004;0,239968666986054;0,434787213414015;-0,277012828842159;0,522030430833157;0,610877141039781;0,438743104322544;0,287742137014614;-0,153271966736743;-0,682881578312058;0,663589491129236;0,817903432840893;-0,785401535929211;0,43479628423594;-0,78898440683463;0,581648976666244;-0,388294017863331;-0,185758061887955;-0,0266471974480529;0,197115296422664;0,0653659056646245;0,721315892316701;-0,0155465000659768;0,103802327938932;-0,663872380932447;0,754694788408091;-0,574123060244054;-0,0115097619666543;-0,0983430340652125;0,718685849613831;-0,303514125537982;0,0614888587220897;0,941615198628897;0,299392913350881;0,754561886147003;0,355902053748026;-0,243633823693869;-0,530820414973455;0,59057833619286;-0,448921034195043;0,873056749632732;0,0732458910404405;-0,327986606301808;0,210121333344826;-0,66463021315816;-0,420818180741196;0,411189169816285;0,242250061470567;0,0677921780961455;0,0199821420415481;0,555003115861238;-0,643103641830974;-0,742121207874785;0,919946736337371;0,978520173892226;0,53260217237721;-0,754468077556011;-0,679378132638504;-0,619689940872731;0,75725705595452;0,173395706299338;-0,559073706553804
-0,612433677300587;0,120898625047356;0,622932089401308;-0,403358819396079;0,873413862258173;-0,0899319316947774;0,679863264180448;-0,152721843416538;-0,180706014972744;-0,859049964407909;0,224865187480799;-0,58084491809881;0,321364193929478;0,993170470858669;0,0454872813837448;0,771856203856162;-0,23649416272756;0,754508987659516;-0,654326979908419;0,180515160215045;0,91905805053952;0,875183620222976;-0,836128700925712;-0,668527961809487;-0,195679924782919;-0,980372781515929;0,314041906149814;-0,782832003168691;0,107671634188511;-0,567506055161065;-0,914997065483875;0,830559331133401;0,374945511863892;0,428872935020489;-0,314561845480245;0,549106706334702;0,584157356784145;0,740875308853393;-0,293877630387928;-0,50157869064077;0,562323057976648;-0,780558869588731;-0,796317512114297;0,410577800955738;0,134787479696947;0,837484118689346;-0,403023983260848;0,98591766221405;-0,514319459706786;-0,526211972924181;0,558772295574163;-0,375668655646149;0,408814638758127;0,994162508172536;-0,478267909186029;-0,494218246087301;-0,0467632545983084;0,289185638214033;0,788675962567862;0,850452159080563;0,591951735631204;0,458984761027264;0,736010273359321;-0,616247822850227;-0,947605530598558;0,39074259390609;0,0405420196041878;0,889217790503242;0,304726911295734;0,493280152996556;-0,815114681236009;0,0192070062235489;0,0455108445859508;0,844383844387244
0,576362227840904;0,663782400337602;0,662913298733033;-0,282407736291333;0,158749224145145;-0,0460654797219049;0,386485887906675;0,291300145067244;0,710888432798901;-0,382831664678979;-0,16574068134717;0,427892345647238;-0,598817631123648;0,368205466122942;-0,115755994914991;-0,851210540243507;-0,413743113621777;-0,714925106681291;0,92746991853788;-0,171001758991237;-0,101017120347822;-0,93573162039687;-0,549214439360392;0,787249265767943;0,351513168230098;0,719025560120315;-0,221866799154567;-0,311074431599556;-0,340030849270749;-0,0413890117228131;-0,747650876807525;-0,497156549433198;0,543351414713041;0,557447418973772;-0,636217609269523;-0,203349579749293;-0,199495966765146;-0,838086357716165;-0,925837484796535;-0,201915595301382;-0,593597441846328;-0,7592239037155;0,720885255395437;0,0732869301292721;0,490174282816934;-0,42007019884264;-0,0445972031557498;0,624184883252443;-0,0441373268325967;0,114743211573104;-0,108686938432079;0,86313724867815;0,0357326443630372;-0,825593215508932;-0,0672260588708652;0,494968399297986;0,187860621158198;0,82806544822585;0,385683912523519;0,43429224690892;-0,849990917805178;-0,32245203030813;-0,35810819558158;-0,295564752777443;-0,666372668485216;-0,689345223325911;0,846518400667256;-0,157326504490872;-0,019724668187097;-0,948083801446873;0,328883215437099;-0,615986056121474;-0,831936608743627;0,0932554449013057
-0,620498009530384;-0,400415788314798;-0,637005868235591;0,3374819209535;-0,73033559325005;-0,250003076614885;-0,266299502693331;0,0955230255457568;0,698381827827001;0,531781369453337;-0,950642690114922;-0,635598797133887;0,442581144327736;0,373884063901911;-0,397913809938105;-0,168631071579711;0,599020883854106;-0,0226765089213261;-0,216335146421536;-0,385549307996419;-0,352297608003413;0,676155209711125;0,584758313263764;-0,0451013271905859;-0,247448673136743;0,152546767902087;-0,30405619737239;-0,907949785587042;-0,361608649677833;-0,132041523702977;0,748971062810517;-0,530347999988161;0,653090249000386;0,937398286754739;0,749948168322022;-0,727346764233506;0,101167823864876;0,794016745745938;0,519584962368625;-0,396577290031354;-0,347796369176575;0,00841879405358707;-0,0188247755693858;0,061962048804469;-0,376026467969397;0,931171499344364;-0,154312884971335;-0,54838090813986;-0,796357640424179;-0,879766873804712;-0,54026857737389;-0,679131021483759;0,54724067262808;0,535750903878571;-0,539663261409127;-0,311651447290658;-0,0112009596083832;0,359963847587073;-0,393128361439061;0,107670381839595;-0,973280542264186;-0,381931204278814;-0,534617633751202;-0,221501747145541;0,751972237949936;0,552633488453332;-0,329087600967664;0,508504569474842;0,595982013890045;-0,71020619326643;0,712488219348625;0,760041420303818;0,410546347499445;-0,857447420705165
0,933773674017542;0,597516756257295;-0,281148343763045;-0,499428994059389;-0,682926081382885;-0,200310702162489;-0,706979724084162;-0,802981963810807;0,862544753155933;-0,487309015051792;-0,592471026765695;0,411031365855753;-0,0923701835251452;-0,874209165965195;0,460309164793037;0,0387739721351581;0,274623913285458;0,750020918567544;0,206115865291016;-0,603678569988462;-0,422647055716858;-1,00293422842967;-0,458687782554799;-0,845939477432651;0,322326340284253;0,0490102964800605;0,233103379231491;0,323555309629966;-0,145499670607031;0,894092102665314;-0,617358971894606;-0,322529082471821;-0,114518044508185;0,402450117314626;0,581241352768095;-0,1676133536533;0,95466732854706;-0,537150726645878;0,0233258167879925;0,786742123284489;-0,206171167475186;0,808374903943498;-0,231814792936284;0,918858633780147;-0,637147670076827;-0,677635216806177;-0,355518828158875;-0,458381717522912;-0,970125656524376;-0,454421644301002;0,0227010208865044;0,942412260882107;-0,469595391326112;0,0158667234874481;0,581654395817928;0,923805674391755;0,035016141837248;-0,460589733146296;0,189421815151941;0,261036358584718;0,550932131616522;-0,0539987921466011;0,341575675350488;0,940066704275679;-0,890505767398914;0,714767146185828;-0,499350879184795;0,502623120573143;-0,478799378700757;-0,397600658640696;0,0734891902064344;-0,216111537373044;-0,302770611892536;0,393832951947485
0,556319314086502;-0,280246004016931;0,238917939912591;-0,418515620019408;0,751963047728071;-0,0204452092494493;-0,626153073150972;-0,364270336165304;0,268505066095807;-0,702377237722829;-0,160395078599627;-0,595000086524346;-0,874976898605093;0,869165487775632;0,79542142105392;0,624048637863741;0,782676324361764;0,416053644479205;0,271075931581009;0,738975598752049;-0,769672739260967;0,798935947338109;-0,556878076762195;-0,221358342114314;0,814729326939124;-0,37787768891008;0,793494263410418;0,116730386732433;-0,998307150355717;0,39006438975526;0,432804559193062;-0,79772829597055;0,212874368363439;0,12913954478206;0,408792610510641;-0,194800548719519;-0,351748248821066;-0,6118763708757;-0,26517707883463;-0,824432132009942;-0,164204596269967;-0,135277535080336;0,67058868615269;-0,00542508329070634;0,0525215158342018;0,665289635648162;0,566959170599167;-0,402861881412168;0,670207386741026;-0,132714907312911;-0,184474590915839;0,62170059326235;0,464045789009645;-0,0705248068798924;0,164693785135063;0,741424368800808;-0,753761893728447;-0,586561551902077;-0,210009193086973;0,124243414587205;0,159788801907259;0,227999822629455;-0,359855021687223;0,829538904734113;-0,167425953082965;-0,387455055664637;0,151046755014854;-0,00476161317807315;-0,569965203697858;-0,049469650705061;-0,0423100750702748;0,3511424489505;-0,367344795089213;0,0541689956938384
-0,0544598643062539;0,374549791201149;-0,83557090679386;0,484785223060783;0,765479092249727;-0,849838995682562;0,0907514987754813;0,201192671478116;0,457745283518524;0,164638553186051;-0,369546577098418;0,840244684951775;-0,241833490958949;-0,689685777508984;0,976153025615041;0,69635095965244;-0,434591261052937;-0,742575582771195;0,647041102459612;0,640716445340304;0,0225865481441979;0,634367560608584;-0,724853587070553;0,839722234386775;-0,818303160153159;-0,540926607853171;-0,494230783646857;-0,409644033792653;-0,79116288903183;-0,252888023314155;0,942246297791688;0,496779415915992;0,0235831874854982;-0,587216566815948;-0,939043065825065;0,85030592042078;0,629142924731337;-0,136899011921629;-0,276763670879349;-0,317504970808149;-0,897531513197135;-0,967217659796132;0,831870912750052;0,525889844777;0,291509348416288;0,0408730032291658;0,911565712224658;-0,0813764182263067;0,0770431284024941;-0,203555949749021;-0,568572247856562;-0,24899051886003;0,753651423671144;0,0571849819854994;-0,925062370971397;0,314171338632187;0,12576037162358;-0,640712825425611;0,27570716361345;0,306722519013536;0,663279801440144;-0,47167617731261;-0,0141860514213389;-0,250189086245287;0,247986024882284;0,14873312266482;-0,150718095671302;-0,657600252179766;-0,723883365611471;-0,84138620591387;-0,92200229320323;0,738022981975172;0,574301255020088;-0,0026639177058866
